date,season,neutral,playoff,team1,team2,elo1_pre,elo2_pre,elo_prob1,elo_prob2,elo1_post,elo2_post,qbelo1_pre,qbelo2_pre,qb1,qb2,qb1_value_pre,qb2_value_pre,qb1_adj,qb2_adj,qbelo_prob1,qbelo_prob2,qb1_game_value,qb2_game_value,qb1_value_post,qb2_value_post,qbelo1_post,qbelo2_post,score1,score2
2020-09-10,2020,0,,KC,HOU,1664.8472507563,1527.93004656683,0.7617556234419874,0.23824437655801256,1676.66606788782,1516.11122943531,1651.21477930592,1497.45437853921,Patrick Mahomes,Deshaun Watson,239.69529634104347,195.6158108625996,6.942808555297199,3.6326586473743525,0.751960887878559,0.248039112121441,250.96437085883954,163.1138588984335,240.8222037928231,192.36561566618298,1663.56704842522,1485.10210941991,34,20
2020-09-13,2020,0,,NE,MIA,1581.53110476607,1413.91934130351,0.7923288905103788,0.2076711094896212,1590.53822932484,1404.91221674474,1556.62235882317,1424.15881328524,Cam Newton,Ryan Fitzpatrick,153.5884063793541,178.98836264707165,-5.040866978024464,10.509748477961706,0.709142352822815,0.290857647177185,270.2872630107335,42.3962623373444,165.25829204249203,165.32915261609895,1569.65418991284,1411.12698219557,21,11
2020-09-13,2020,0,,DET,CHI,1404.5689484562,1524.56465915689,0.42150926832412633,0.5784907316758736,1391.33198675325,1537.80162085984,1437.08544324137,1527.16005372295,Matthew Stafford,Mitchell Trubisky,193.20080426883655,140.7313578475398,15.61111346576067,-1.5795917359919187,0.444199406160224,0.555800593839776,188.31838710936074,238.5126198345244,192.71256255288895,150.50948404623827,1423.03587047394,1541.20962649038,23,27
2020-09-13,2020,0,,WSH,PHI,1368.49082524672,1528.56090703668,0.36649862913919495,0.633501370860805,1400.24441328388,1496.80731899952,1383.28102301341,1548.79785375036,Dwayne Haskins,Carson Wentz,88.77397480873383,167.6750614866106,-11.02758961486644,-0.7296714575030214,0.305872352991452,0.694127647008548,80.10552880929026,-84.54966307750611,87.90713020878948,142.4525890301989,1418.87305330308,1513.20582346069,27,17
2020-09-13,2020,0,,MIN,GB,1571.1400267579,1582.45860610887,0.5766448393914209,0.42335516060857914,1543.9203734166,1609.67825945017,1544.58985815753,1555.43202703762,Kirk Cousins,Aaron Rodgers,158.2088413998236,176.7403101273592,-0.8127626628567732,0.4903804206618943,0.531452081883373,0.468547918116627,272.75864271301964,487.2327445290756,169.6638215311432,207.78955356753087,1519.86968659129,1580.15219860386,34,43
2020-09-13,2020,0,,BUF,NYJ,1511.35459076021,1458.06320616477,0.6639484515376263,0.33605154846237373,1526.64857955406,1442.76921737092,1532.80620288198,1451.14666152742,Josh Allen,Sam Darnold,153.17523918270254,134.1209538896657,0.600610327407412,5.190107554616823,0.654757765511483,0.345242234488517,380.75141913236666,93.64726546452255,175.93285717766898,130.0735850471514,1548.56679499737,1435.38606941203,27,17
2020-09-13,2020,0,,ATL,SEA,1534.51556573532,1546.89906922088,0.5751476029998406,0.4248523970001594,1503.41479134028,1577.99984361592,1500.66241997476,1543.56695750008,Matt Ryan,Russell Wilson,179.59372274816346,193.18914864459177,-1.7392631602948825,4.237290702421589,0.489693710929416,0.510306289070584,322.2690206123886,440.2112875470617,193.86125253458596,217.89136253483875,1474.89970032621,1569.32967714863,25,38
2020-09-13,2020,0,,BAL,CLE,1638.43087450757,1440.53333230626,0.8195586107690566,0.18044138923094344,1649.7022512196,1429.26195559423,1628.80840918371,1499.69388603388,Lamar Jackson,Baker Mayfield,262.05704846321186,130.9705649923186,17.748461456032533,-3.594276953151063,0.743296020688857,0.256703979311143,363.493928702619,64.24335677693175,272.20073648715254,124.29784417077988,1645.36944560356,1483.13284961403,38,6
2020-09-13,2020,0,,CAR,OAK,1417.73556567529,1437.32610815023,0.5649798831816134,0.4350201168183866,1399.16628249294,1455.89539133258,1416.3016100539,1461.43732080895,Teddy Bridgewater,Derek Carr,155.1746106218111,181.36357370366926,11.854378183368588,4.493929856258044,0.504181800641657,0.495818199358343,221.33933754517494,247.80079177530038,161.7910833141475,188.00729551083236,1400.05115947471,1477.68777138814,30,34
2020-09-13,2020,0,,JAX,IND,1438.50258514562,1482.65477791485,0.5299664494662789,0.4700335505337211,1457.86722628058,1463.29013677989,1392.05742049599,1518.20362949803,Gardner Minshew,Philip Rivers,121.75534324798448,155.62453768650096,-8.65106349847079,6.977386515424699,0.352055340257748,0.647944659742252,216.97903246582695,266.9854309842327,131.27771216976873,166.7606270162741,1420.36837891586,1489.89267107816,27,20
2020-09-13,2020,0,,CIN,LAC,1382.62734642343,1470.39033518839,0.46728821755795763,0.5327117824420424,1369.80404629252,1483.2136353193,1393.80703349911,1477.79990387011,Joe Burrow,Tyrod Taylor,112.90158,111.81993493043998,-3.9648755049185587,-16.20813350840344,0.455303549246145,0.544696450753855,133.42290172226728,39.87707481592329,114.95371217222673,104.62564891898833,1381.35953526324,1490.24740210598,13,16
2020-09-13,2020,0,,NO,TB,1609.80561179041,1498.62921640758,0.7338320826505118,0.2661679173494882,1622.05289565324,1486.38193254475,1598.76015130866,1541.68601380851,Drew Brees,Tom Brady,258.6546211395508,150.13160897616882,15.467066567546889,-1.2049856374158814,0.561085782305509,0.438914217694491,144.37745494756024,147.48102452908307,247.22690452035175,149.86655053146023,1620.15843774477,1520.2877273724,34,23
2020-09-13,2020,0,,SF,ARI,1603.78530833319,1442.65026627615,0.7861273305522946,0.21387266944770544,1575.58185019549,1470.85372441385,1603.28422280475,1461.35390159797,Jimmy Garoppolo,Kyler Murray,136.32506191047742,158.0597852368613,-2.65813808998122,3.715129423612548,0.728096389832147,0.271903610167853,136.41763723895141,307.06734768334087,136.3343194433248,172.96054148150924,1577.87114967647,1486.76697472625,20,24
2020-09-13,2020,0,,LAR,DAL,1548.23404595027,1532.11536282697,0.6146631900170971,0.3853368099829029,1558.53792493455,1521.81148384269,1537.52757266095,1554.39296337184,Jared Goff,Dak Prescott,174.9685369218834,219.82892262225673,3.372250584809364,6.209803977554416,0.526182251183298,0.473817748816702,135.41811335093217,219.34126945260354,171.0134945647883,219.7801573052914,1550.55674442921,1541.36379160358,20,17
2020-09-14,2020,0,,NYG,PIT,1391.07131458934,1511.70313751195,0.42061664612853006,0.5793833538714699,1371.39693115711,1531.37752094418,1418.56044745522,1546.91964506127,Daniel Jones,Ben Roethlisberger,153.1829134485078,215.8954748540502,0.701632605748474,26.545778156834313,0.333921462900105,0.666078537099895,171.8394385721079,220.29289697076618,155.04856596086782,216.33521706572176,1403.37428154746,1562.10581096903,16,26
2020-09-14,2020,0,,DEN,TEN,1495.65672785063,1599.10785281015,0.44488920079269656,0.5551107992073034,1486.04942731321,1608.71515334757,1490.53536224524,1543.23135548534,Drew Lock,Ryan Tannehill,113.11138615056622,175.15517021801335,-5.928426798700214,6.025217663968469,0.460427778924666,0.539572221075334,195.8168053919771,276.5883012314849,121.38192807470729,185.29848331936049,1480.54387433774,1553.22284339284,14,16
2020-09-17,2020,0,,CLE,CIN,1429.26195559423,1369.80404629252,0.6718220080003543,0.3281779919996457,1440.39259598389,1358.67340590286,1483.13284961403,1381.35953526324,Baker Mayfield,Joe Burrow,124.29784417077984,114.95371217222673,-6.750923516263061,-2.7405656435592554,0.680891966162541,0.319108033837459,193.609512090752,248.59552328311173,131.22901096277707,128.31789328331521,1493.92245622074,1370.56992865653,35,30
2020-09-20,2020,0,,PIT,DEN,1531.37752094418,1486.04942731321,0.6536448708055616,0.34635512919443845,1543.19651050807,1474.23043774932,1562.10581096903,1480.54387433774,Ben Roethlisberger,Drew Lock,216.3352170657219,121.38192807470729,25.438360354828397,-1.496734496694688,0.699497470212968,0.300502529787032,247.87517718553553,-1.45624234087266,219.48921307770328,109.09811103314931,1572.20087379423,1470.44881151254,26,21
2020-09-20,2020,0,,PHI,LAR,1496.80731899952,1558.53792493455,0.5047048974019721,0.4952951025980279,1467.04162910093,1588.30361483314,1513.20582346069,1550.55674442921,Carson Wentz,Jared Goff,142.4525890301989,171.01349456478835,-13.304424112833818,1.2261168770215114,0.486638509180599,0.513361490819401,143.00049699559833,310.69654338445076,142.50737982673888,184.9817994467546,1484.66873741733,1579.09383047257,19,37
2020-09-20,2020,0,,MIA,BUF,1404.91221674474,1526.64857955406,0.41906794020938876,0.5809320597906112,1393.58529907348,1537.97549722532,1411.12698219557,1548.56679499737,Ryan Fitzpatrick,Josh Allen,165.329152616099,175.93285717766912,3.1546560385774534,11.94938880852024,0.348649476080822,0.651350523919178,294.8511932069213,432.62919087582145,178.2813566751812,201.60249054748434,1401.91497971978,1557.77879747316,28,31
2020-09-20,2020,0,,NYJ,SF,1442.76921737092,1575.58185019549,0.403630425924648,0.5963695740753521,1419.71066912447,1598.64039844194,1435.38606941203,1577.87114967647,Sam Darnold,Jimmy Garoppolo,130.07358504715145,136.33431944332494,2.9069177556289096,-2.5206024190584575,0.368192016151687,0.631807983848313,157.04027131479884,147.84013919137485,132.7702536739162,137.48490141812994,1414.5903839536,1598.6668351349,13,31
2020-09-20,2020,0,,TEN,JAX,1608.71515334757,1457.86722628058,0.7760024473832371,0.2239975526167629,1614.37079408025,1452.2115855479,1553.22284339284,1420.36837891586,Ryan Tannehill,Gardner Minshew,185.2984833193606,131.27771216976865,10.795613331443812,-3.4573258626551633,0.740453167383303,0.259546832616697,331.4824504506471,238.46225613800337,199.91688003248927,141.99616656659214,1559.86886201517,1413.72236029353,33,30
2020-09-20,2020,0,,IND,MIN,1463.29013677989,1543.9203734166,0.47752144383442324,0.5224785561655767,1493.70940034952,1513.50110984697,1489.89267107816,1519.86968659129,Philip Rivers,Kirk Cousins,166.76062701627416,169.66382153114327,12.19656185454004,4.955365535945889,0.517705499307651,0.482294500692349,130.85739831824517,-215.31362814183947,163.17030414647127,131.166076563845,1517.6177674811,1492.14459018835,28,11
2020-09-20,2020,0,,CHI,NYG,1537.80162085984,1371.39693115711,0.7911832393906062,0.2088167606093938,1543.88346110585,1365.3150909111,1541.20962649038,1403.37428154746,Mitchell Trubisky,Daniel Jones,150.50948404623813,155.0485659608678,3.3884509501566837,1.5993772316408617,0.733013630475525,0.266986369524475,10.91454313785297,63.36875876951762,136.5499899553996,145.88058524173277,1549.16884173055,1395.41506630729,17,13
2020-09-20,2020,0,,GB,DET,1609.67825945017,1391.33198675325,0.8363164745895523,0.16368352541044773,1618.64274426123,1382.36750194219,1580.15219860386,1423.03587047394,Aaron Rodgers,Matthew Stafford,207.78955356753065,192.71256255288904,15.990483119714394,14.586436934498874,0.75198463239357,0.24801536760643,190.9132798584231,109.92700159299373,206.1019261966199,184.4340064568995,1594.24993589201,1408.93813318579,42,21
2020-09-20,2020,0,,TB,CAR,1486.38193254475,1399.16628249294,0.7060390717164754,0.2939609282835246,1501.27286392735,1384.27535111034,1520.2877273724,1400.05115947471,Tom Brady,Teddy Bridgewater,149.86655053146018,161.79108331414741,-1.277265577899314,14.569895620368325,0.690538573326032,0.309461426673968,154.52704320216043,111.71487321580706,150.33259979853023,156.78346230431336,1536.04951164868,1384.28937519843,31,17
2020-09-20,2020,0,,DAL,ATL,1521.81148384269,1503.41479134028,0.6177643928744232,0.3822356071255768,1526.91686194339,1498.30941323958,1541.36379160358,1474.89970032621,Dak Prescott,Matt Ryan,219.78015730529128,193.861252534586,5.874931120193811,5.481464890931023,0.643777192790744,0.356222807209256,529.3770141853347,345.42349869901165,250.7398429932956,209.01747715102854,1546.08162491584,1470.18186701395,40,39
2020-09-20,2020,0,,ARI,WSH,1470.85372441385,1400.24441328388,0.6858158657757227,0.31418413422427727,1487.26423830273,1383.833899395,1486.76697472625,1418.87305330308,Kyler Murray,Dwayne Haskins,172.96054148150907,87.90713020878954,10.97975107475565,-10.909632434095233,0.679785389079585,0.320214610920415,341.05411109199537,48.053046392628744,189.7698984425577,83.92172182717346,1503.52718373146,1402.11284429787,30,15
2020-09-20,2020,0,,LAC,KC,1483.2136353193,1676.66606788782,0.3231284407315246,0.6768715592684754,1474.74885000624,1685.13085320088,1490.24740210598,1663.56704842522,Justin Herbert,Patrick Mahomes,110.63447999999998,240.82220379282313,-12.98603875769739,7.159121853422178,0.283574290586952,0.716425709413048,260.5244569691369,320.75804765177907,125.62347769691368,248.81578817871872,1482.90251057042,1670.91193996078,20,23
2020-09-20,2020,0,,HOU,BAL,1516.11122943531,1649.7022512196,0.4025523148159708,0.5974476851840291,1493.54429844225,1672.26918221266,1485.10210941991,1645.36944560356,Deshaun Watson,Lamar Jackson,192.36561566618286,272.20073648715254,1.8259281167972006,21.932882395201514,0.305884939037791,0.694115060962209,160.32747995371005,121.56244333152247,189.16180209493555,257.13690717158954,1468.4942826148,1661.97727240867,16,33
2020-09-20,2020,0,,SEA,NE,1577.99984361592,1590.53822932484,0.5749297298417716,0.4250702701582284,1592.87754087819,1575.66053206257,1569.32967714863,1569.65418991284,Russell Wilson,Cam Newton,217.89136253483906,165.2582920424921,16.376533112424223,1.0461192024459016,0.582639311479773,0.417360688520227,433.60274023610276,418.98186059739237,239.46250030496543,190.63064889798216,1583.90199331897,1555.0818737425,35,30
2020-09-21,2020,0,,OAK,NO,1455.89539133258,1622.05289565324,0.358401373194474,0.641598626805526,1488.1481201421,1589.80016684372,1477.68777138814,1620.15843774477,Derek Carr,Drew Brees,188.00729551083248,247.22690452035178,7.591094267026715,8.979854929570134,0.35357738665858,0.64642261334142,288.9032643182539,208.58866168354135,198.0968923915746,243.36308023667078,1510.23969077505,1587.60651835786,34,24
2020-09-24,2020,0,,JAX,MIA,1452.2115855479,1393.58529907348,0.6707656714091186,0.3292343285908814,1410.35916883678,1435.4377157846,1413.72236029353,1401.91497971978,Gardner Minshew,Ryan Fitzpatrick,141.99616656659214,178.2813566751812,2.0747676288893406,9.473025266189774,0.555413895448386,0.444586104551614,80.63402234765559,318.1746189437389,135.85995214469844,192.27068290203698,1380.42960357907,1435.20773643424,13,31
2020-09-27,2020,0,,PIT,HOU,1543.19651050807,1493.54429844225,0.6592584084954063,0.3407415915045937,1556.66561724169,1480.07519170863,1572.20087379423,1468.4942826148,Ben Roethlisberger,Deshaun Watson,219.48921307770334,189.16180209493544,25.74344034307782,0.1327249253335637,0.723261044666177,0.276738955333823,136.24061218057125,156.32286079179593,211.1643529879901,185.87790796462153,1582.89860375641,1457.79655265262,28,21
2020-09-27,2020,0,,CLE,WSH,1440.39259598389,1383.833899395,0.6681319218202252,0.3318680781797748,1457.42575493683,1366.80074044206,1493.92245622074,1402.11284429787,Baker Mayfield,Dwayne Haskins,131.2290109627771,83.92172182717356,-2.9477939444514063,-12.356855003198309,0.685640082523032,0.314359917476968,132.8976965530193,-30.17796186541884,131.3958795218013,72.51175345791431,1509.96091766317,1386.07438285544,34,20
2020-09-27,2020,0,,NE,OAK,1575.66053206257,1488.1481201421,0.7063935006760398,0.2936064993239602,1591.21895942437,1472.5896927803,1555.0818737425,1510.23969077505,Cam Newton,Derek Carr,190.63064889798235,198.09689239157464,13.679991670068894,12.25633799404639,0.6249953488486,0.3750046511514,37.74551961498945,297.70889423992196,175.34213596968306,208.05809257640936,1575.50738324853,1489.81418126902,36,20
2020-09-27,2020,0,,MIN,TEN,1513.50110984697,1614.37079408025,0.4485620001658003,0.5514379998341997,1507.38248072104,1620.48942320618,1492.14459018835,1559.86886201517,Kirk Cousins,Ryan Tannehill,131.16607656384505,199.91688003248905,-14.541275224500406,17.565031021435928,0.408868026350271,0.591131973649729,133.44543434672835,165.53081941795804,131.39401234213338,196.47827397103597,1486.63680375313,1565.37664845039,30,31
2020-09-27,2020,0,,BUF,LAR,1537.97549722532,1588.30361483314,0.5211019938524423,0.47889800614755773,1551.16540534358,1575.11370671488,1557.77879747316,1579.09383047257,Josh Allen,Jared Goff,201.6024905474844,184.98179944675462,24.186736053001827,8.148963474153476,0.552413542331408,0.447586457668592,322.2667631614434,301.8549245622002,213.6689178088803,196.66911195829917,1569.98570059714,1566.88692734859,35,32
2020-09-27,2020,0,,PHI,CIN,1467.04162910093,1358.67340590286,0.7306627556439421,0.2693372443560579,1460.0067665966,1365.70826840719,1484.66873741733,1370.56992865653,Carson Wentz,Joe Burrow,142.50737982673894,128.31789328331521,-12.611807508922059,4.078553194162915,0.681841349388015,0.318158650611985,164.75532750183936,115.60800723085318,144.732174594249,127.04690467806903,1479.12285339728,1376.11581267658,23,23
2020-09-27,2020,0,,NYG,SF,1365.3150909111,1598.64039844194,0.27508817188831214,0.7249118281116879,1348.28508158659,1615.67040776645,1395.41506630729,1598.6668351349,Daniel Jones,Nick Mullens,145.88058524173263,75.33065861079,-3.064581989508939,-63.97352411804309,0.361143290767287,0.638856709232713,70.28454876468399,223.51510699658544,138.32098159402776,90.14910344936953,1372.38432138119,1621.697580061,9,36
2020-09-27,2020,0,,ATL,CHI,1498.30941323958,1543.88346110585,0.5279270965908579,0.4720729034091421,1481.16470818185,1561.02816616358,1470.18186701395,1549.16884173055,Matt Ryan,Mitchell Trubisky,209.01747715102846,136.54998995539967,12.78550395460569,-3.7607186427703176,0.461091403936782,0.538908596063218,61.1566118466666,141.19445449169345,194.2313906205923,137.01443640902906,1455.52045085358,1563.83025789092,26,30
2020-09-27,2020,0,,IND,NYJ,1493.70940034952,1419.71066912447,0.690004645043416,0.30999535495658403,1513.54337311887,1399.87669635512,1517.6177674811,1414.5903839536,Philip Rivers,Sam Darnold,163.17030414647124,132.7702536739161,9.791572326911412,4.109906181229872,0.696463013078604,0.303536986921396,220.93442324743117,-23.741655719122438,168.94671605656723,117.11906273461224,1536.99481721007,1395.21333422463,36,7
2020-09-27,2020,0,,LAC,CAR,1474.74885000624,1384.27535111034,0.7099162646920861,0.29008373530791387,1447.37431398868,1411.6498871279,1482.90251057042,1384.28937519843,Justin Herbert,Teddy Bridgewater,125.62347769691378,156.78346230431345,-4.8422379713555195,11.337590334433095,0.671149253871595,0.328850746128405,232.8969820576773,212.94643628481495,136.35082813299013,162.3997597023636,1457.41607454358,1409.77581122527,16,21
2020-09-27,2020,0,,SEA,DAL,1592.87754087819,1526.91686194339,0.6800214256766446,0.3199785743233554,1605.43741664957,1514.35698617201,1583.90199331897,1546.08162491584,Russell Wilson,Dak Prescott,239.46250030496537,250.73984299329567,26.34327534186609,21.061027408186238,0.616932433350749,0.383067566649251,334.05861477968426,319.78905858314937,248.9221117524373,257.64476455228106,1599.25557791927,1530.72804031554,38,31
2020-09-27,2020,0,,ARI,DET,1487.26423830273,1382.36750194219,0.7267120327526846,0.2732879672473154,1465.42928059732,1404.2024596476,1503.52718373146,1408.93813318579,Kyler Murray,Matthew Stafford,189.76989844255772,184.43400645689943,18.83544200154244,9.717837039779223,0.695509074706138,0.304490925293862,169.4539068811271,151.2166850886222,187.73829928641467,181.11227432007172,1482.89807810535,1429.5672388119,23,26
2020-09-27,2020,0,,DEN,TB,1474.23043774932,1501.27286392735,0.5544090416346135,0.44559095836538654,1441.00877789457,1534.4945237821,1470.44881151254,1536.04951164868,Jeff Driskel,Tom Brady,71.4304106415118,150.33259979853025,-45.23150668427653,-0.9803776654692911,0.312751030293993,0.687248969706007,-19.634579429358265,261.1877093418836,62.323911634424775,161.4181107528656,1453.10922515427,1553.38909800695,10,28
2020-09-27,2020,0,,NO,GB,1589.80016684372,1618.64274426123,0.551847671111069,0.448152328888931,1566.46596531982,1641.97694578513,1587.60651835786,1594.24993589201,Drew Brees,Aaron Rodgers,243.36308023667078,206.10192619661996,6.598950041251281,14.347145278273482,0.532561863420979,0.467438136579021,361.7969425289703,315.3443921179662,255.20646646590077,217.0261727887546,1565.2274048374,1616.62904941247,30,37
2020-09-28,2020,0,,BAL,KC,1672.26918221266,1685.13085320088,0.574474870034691,0.425525129965309,1640.39976549606,1717.00026991748,1661.97727240867,1670.91193996078,Lamar Jackson,Patrick Mahomes,257.1369071715896,248.8157881787186,13.304323617659897,10.797957953698734,0.54363451232188,0.45636548767812,116.78452513630518,600.4173969716504,243.10166896806118,283.9759490580118,1632.12095268915,1700.7682596803,20,34
2020-10-01,2020,0,,NYJ,DEN,1399.87669635512,1441.00877789457,0.5342947632926471,0.46570523670735287,1375.00164241102,1465.88383183867,1395.21333422463,1453.10922515427,Sam Darnold,Brett Rypien,117.11906273461217,0.0,-3.9211845974835646,-109.84709248803112,0.623372699067825,0.376627300932175,156.02461489041437,55.743993100684676,121.00961795019238,5.5743993100684675,1365.31641099366,1483.00614838524,28,37
2020-10-04,2020,0,,DET,NO,1404.2024596476,1566.46596531982,0.36357204528513754,0.6364279547148625,1390.65196560641,1580.01645936101,1429.5672388119,1565.2274048374,Matthew Stafford,Drew Brees,181.11227432007172,255.2064664659005,7.571079119376302,12.190695653803594,0.355290576778835,0.644709423221165,129.9234635276929,134.87750255269586,175.99339324083385,243.17357007458006,1416.36131933424,1578.43332431506,29,35
2020-10-04,2020,0,,DAL,CLE,1514.35698617201,1457.42575493683,0.6686072497601839,0.33139275023981607,1479.17876130096,1492.60397980788,1530.72804031554,1509.96091766317,Dak Prescott,Baker Mayfield,257.64476455228106,131.39587952180116,23.46043681726968,-2.7169699677169623,0.618727883163912,0.381272116836088,441.87722724347725,132.52197505632589,276.06801082140066,131.50848907525366,1498.75613586115,1541.93282211756,38,49
2020-10-04,2020,0,,TB,LAC,1534.4945237821,1447.37431398868,0.7059250323483842,0.2940749676516158,1545.93378393067,1435.93505384011,1553.38909800695,1457.41607454358,Tom Brady,Justin Herbert,161.41811075286566,136.35082813299024,4.611396694971991,0.7635491452505405,0.6929991365389,0.3070008634611,387.72540548619895,283.92344055773475,184.04884022619902,151.1080893754647,1565.38565075863,1445.4195217919,38,31
2020-10-04,2020,0,,CAR,ARI,1411.6498871279,1465.42928059732,0.516142139141849,0.48385786085815097,1434.73694630625,1442.34222141897,1409.77581122527,1482.89807810535,Teddy Bridgewater,Kyler Murray,162.3997597023635,187.7382992864148,13.578859516736259,16.87787032339386,0.448002028728853,0.551997971271146,323.47214184981596,367.7384239704186,178.50699791710872,205.7383117548152,1436.69214456426,1455.98174476636,31,21
2020-10-04,2020,0,,WSH,BAL,1366.80074044206,1640.39976549606,0.23133426271333432,0.7686657372866657,1355.35655618124,1651.84394975688,1386.07438285544,1632.12095268915,Dwayne Haskins,Lamar Jackson,72.51175345791431,243.1016689680612,-17.443996437668137,5.621488335012695,0.204482717439294,0.795517282560706,251.58281813869215,262.17910274099347,90.4188599259921,245.00941234535446,1376.07232851184,1642.12300703275,17,31
2020-10-04,2020,0,,CIN,JAX,1365.70826840719,1410.35916883678,0.5292512683540253,0.47074873164597475,1386.20549114455,1389.86194609942,1376.11581267658,1380.42960357907,Joe Burrow,Gardner Minshew,127.0469046780691,135.85995214469833,3.2391312318317844,-1.097077963502071,0.55096240209727,0.44903759790273,198.61217901217702,219.84385214237224,134.20343211147988,144.2583421444657,1395.5348734313,1361.01054282435,33,25
2020-10-04,2020,0,,MIA,SEA,1435.4377157846,1605.43741664957,0.3533315511220334,0.6466684488779666,1420.61804106515,1620.25709136902,1435.20773643424,1599.25557791927,Ryan Fitzpatrick,Russell Wilson,192.27068290203707,248.9221117524375,15.994037116308226,29.755917298508933,0.316285043167604,0.683714956832396,206.0858966696168,215.49861224589785,193.652204278795,245.57976180178355,1422.10626482207,1612.35704953144,23,31
2020-10-04,2020,0,,HOU,MIN,1480.07519170863,1507.38248072104,0.5540323557567841,0.4459676442432159,1455.30411746986,1532.15355495981,1457.79655265262,1486.63680375313,Deshaun Watson,Kirk Cousins,185.8779079646214,131.39401234213352,-1.5158583860900512,-13.700243574131058,0.529611619272963,0.470388380727037,208.37056946268518,124.44487258716778,188.1271741144278,130.69909836663697,1434.30305079202,1510.13030561373,23,31
2020-10-04,2020,0,,LAR,NYG,1575.11370671488,1348.28508158659,0.8428913691062858,0.15710863089371419,1581.20920197957,1342.1895863219,1566.88692734859,1372.38432138119,Jared Goff,Daniel Jones,196.6691119582992,138.32098159402776,13.585171556218029,-6.691154713885952,0.814993330700825,0.185006669299175,152.57564266238117,38.159716018996434,192.2597650287074,128.30485503652463,1574.16482035858,1365.1064283712,17,9
2020-10-04,2020,0,,OAK,BUF,1472.5896927803,1551.16540534358,0.4804729159878239,0.5195270840121762,1452.72993611537,1571.02516200851,1489.81418126902,1569.98570059714,Derek Carr,Josh Allen,208.05809257640945,213.66891780888028,16.624121186761435,29.010612881049703,0.426242254470132,0.573757745529868,342.1684693497147,297.84453464986507,221.46913025373993,222.08647949297875,1472.49373439531,1587.30614747085,23,30
2020-10-04,2020,0,,CHI,IND,1561.02816616358,1513.54337311887,0.6564501468676186,0.3435498531323814,1530.62637113269,1543.94516814976,1563.83025789092,1536.99481721007,Nick Foles,Philip Rivers,147.2596536734753,168.9467160565671,6.904757780629188,12.190199665613626,0.578786430181956,0.421213569818044,143.07171808245855,122.74507226995826,146.8408601143736,164.32655167790622,1537.74110613613,1563.08396896486,11,19
2020-10-04,2020,0,,SF,PHI,1615.67040776645,1460.0067665966,0.7807841760955005,0.21921582390449945,1584.57159672968,1491.10557763337,1621.697580061,1479.12285339728,Nick Mullens,Carson Wentz,90.14910344936958,144.732174594249,-53.36562549285099,-10.868819749721023,0.695101834983238,0.304898165016762,23.003897884935693,157.48661234207484,83.43458289292619,146.00761836903158,1595.05478576002,1505.76564769826,20,25
2020-10-05,2020,0,,KC,NE,1717.00026991748,1591.21895942437,0.7499274708451392,0.2500725291548608,1730.03968436867,1578.17954497318,1700.7682596803,1575.50738324853,Patrick Mahomes,Brian Hoyer,283.97594905801174,112.50878859034584,27.838140495660358,-57.4816117569213,0.806991446357338,0.193008553642662,275.1997405435509,45.57158989511502,283.09832820656567,105.81506872082278,1710.59490761336,1565.68073531547,26,10
2020-10-05,2020,0,,GB,ATL,1641.97694578513,1481.16470818185,0.7858147411535535,0.21418525884644646,1652.4975766358,1470.64407733118,1616.62904941247,1455.52045085358,Aaron Rodgers,Matt Ryan,217.02617278875454,194.23139062059215,19.09191131042711,4.753185491657119,0.771643301544275,0.228356698455725,389.8510227827325,163.49338641814563,234.30865778815235,191.1575902003475,1627.91224380609,1444.23725645996,30,16
2020-10-08,2020,0,,CHI,TB,1530.62637113269,1545.93378393067,0.5710296974910715,0.42897030250892854,1536.44180588429,1540.11834917907,1537.74110613613,1565.38565075863,Nick Foles,Tom Brady,146.84086011437367,184.04884022619896,6.350123112046875,15.696191596890099,0.406173416045928,0.593826583954072,129.11355954547315,143.96410967208533,145.06813005748364,180.04036717078756,1546.22781173072,1556.89894516404,20,19
2020-10-11,2020,0,,KC,OAK,1730.03968436867,1452.72993611537,0.8776640895288824,0.12233591047111758,1684.36430620528,1498.40531427875,1710.59490761336,1472.49373439531,Patrick Mahomes,Derek Carr,283.0983282065657,221.46913025374002,26.007423045154333,22.49843396608861,0.83303270115894,0.16696729884106,168.7385989329968,314.1893014159842,271.66235527920884,230.74114736996444,1668.66636201909,1514.42227998958,32,40
2020-10-11,2020,0,,WSH,LAR,1355.35655618124,1581.20920197957,0.2837486664232802,0.7162513335767198,1339.25615107631,1597.3096070845,1376.07232851184,1574.16482035858,Kyle Allen,Jared Goff,85.50560160156563,192.2597650287075,-12.531501706172463,10.701239513611352,0.262925444789623,0.737074555210377,58.328021233671755,263.2264386195688,82.78784356477625,199.35643238779366,1361.26771839298,1588.96943047744,10,30
2020-10-11,2020,0,,BAL,CIN,1651.84394975688,1386.20549114455,0.8702654640775547,0.12973453592244533,1659.1047150535,1378.94472584793,1642.12300703275,1395.5348734313,Lamar Jackson,Joe Burrow,245.00941234535438,134.2034321114797,6.294285606908659,6.65543838694548,0.834395513093151,0.165604486906849,68.89795055087868,-80.14003175261753,227.3982661659068,112.76908572506998,1651.57702119705,1386.080859267,27,3
2020-10-11,2020,0,,ATL,CAR,1470.64407733118,1434.73694630625,0.6412671406771083,0.3587328593228917,1442.69247392226,1462.68854971517,1444.23725645996,1436.69214456426,Matt Ryan,Teddy Bridgewater,191.15759020034753,178.5069979171086,2.9786260069519703,20.95353564827193,0.533732629988531,0.466267370011469,15.35779378752267,280.564762659222,173.57761055906502,188.71277439131995,1421.8005252614,1459.12887576282,16,23
2020-10-11,2020,0,,PIT,PHI,1556.66561724169,1491.10557763337,0.6795193919154442,0.3204806080845558,1570.59750046376,1477.1736944113,1582.89860375641,1505.76564769826,Ben Roethlisberger,Carson Wentz,211.16435298799004,146.00761836903163,20.29383828106734,-9.687656874843741,0.722408152096265,0.277591847903735,316.5099940063139,61.02300876783111,221.6989170898224,137.5091574089116,1594.78452181649,1493.87972963818,38,29
2020-10-11,2020,0,,NYJ,ARI,1375.00164241102,1442.34222141897,0.49663168699720156,0.5033683130027984,1344.79365438891,1472.55020944108,1365.31641099366,1455.98174476636,Joe Flacco,Kyler Murray,108.30331697956716,205.7383117548152,-14.486148730444377,25.03398304142438,0.375187404026254,0.624812595973746,54.15482577295032,344.6430844612767,102.88846785890547,219.6287890254613,1343.35551294848,1477.94264281154,10,30
2020-10-11,2020,0,,HOU,JAX,1455.30411746986,1389.86194609942,0.6793716141875512,0.3206283858124488,1472.45536019211,1372.71070337717,1434.30305079202,1361.01054282435,Deshaun Watson,Gardner Minshew,188.12717411442767,144.2583421444658,-0.31543239188240046,3.1569709345567913,0.64814452870837,0.35185547129163,300.1878610771933,176.92891997343452,199.33324281070423,147.52539992736266,1453.32319444347,1341.9903991729,30,14
2020-10-11,2020,0,,SF,MIA,1584.57159672968,1420.61804106515,0.788842538315648,0.211157461684352,1526.53367561631,1478.65596217852,1595.05478576002,1422.10626482207,Jimmy Garoppolo,Ryan Fitzpatrick,137.48490141813008,193.652204278795,-0.004285971226343576,15.885095948871935,0.760155459018387,0.239844540981613,-174.810027350772,377.9385727405959,106.25540854123987,212.08084112497508,1539.92639791363,1477.23465266846,17,43
2020-10-11,2020,0,,DAL,NYG,1479.17876130096,1342.1895863219,0.761830803592633,0.238169196407367,1485.22691304373,1336.14143457913,1498.75613586115,1365.1064283712,Dak Prescott,Daniel Jones,276.0680108214006,128.30485503652477,31.49903811096606,-11.364660256943072,0.775211867451239,0.224788132548761,41.95315154488722,43.03216731913473,252.65652489374926,119.77758626478575,1504.43359217444,1359.42897205791,37,34
2020-10-11,2020,0,,CLE,IND,1492.60397980788,1543.94516814976,0.519646489704361,0.480353510295639,1514.58858392093,1521.96056403671,1541.93282211756,1563.08396896486,Baker Mayfield,Philip Rivers,131.5084890752536,164.3265516779063,-2.5248166926048183,9.270607493002673,0.50159419734207,0.49840580265793,144.13442319396054,12.19965689692827,132.77108248712432,149.11386219980852,1564.8737061284,1540.14308495402,32,23
2020-10-11,2020,0,,SEA,MIN,1620.25709136902,1532.15355495981,0.7070987483885375,0.2929012516114625,1624.05337216934,1528.35727415949,1612.35704953144,1510.13030561373,Russell Wilson,Kirk Cousins,245.57976180178355,130.69909836663703,26.596946458256497,-13.362688383172591,0.738953098824984,0.261046901175016,219.69833200517596,124.13789285176091,242.99161882212277,130.0429778151494,1615.7011643798,1506.78619076537,27,26
2020-10-12,2020,0,,NO,LAC,1580.01645936101,1435.93505384011,0.7691591368249502,0.23084086317504982,1585.86125522092,1430.0902579802,1578.43332431506,1445.4195217919,Drew Brees,Justin Herbert,243.17357007457994,151.10808937546477,5.564712675453034,8.104002309225253,0.727033801310701,0.272966198689299,242.24542622751437,238.89358136693312,243.08075568987346,159.8866385746116,1585.45815706412,1438.39468904284,30,27
2020-10-13,2020,0,,TEN,BUF,1620.48942320618,1571.02516200851,0.6590153248981255,0.34098467510187447,1641.85441673774,1549.66016847695,1565.37664845039,1587.30614747085,Ryan Tannehill,Josh Allen,196.47827397103586,222.0864794929786,14.967476439637608,31.76886307904625,0.531284054000377,0.468715945999623,424.3563368978538,152.80945364501684,219.2660802637177,215.1587769081824,1595.97018163167,1556.71261428957,42,16
2020-10-18,2020,0,,CAR,CHI,1462.68854971517,1536.44180588429,0.48740571632260604,0.512594283677394,1442.49824805106,1556.6321075484,1459.12887576282,1546.22781173072,Teddy Bridgewater,Nick Foles,188.71277439131998,145.0681300574837,25.008747102964023,5.146251927999601,0.4542351573056,0.5457648426944,17.60219520410604,151.8361951137715,171.60171647259855,145.7449365631125,1440.50768857804,1564.8489989155,16,23
2020-10-18,2020,0,,NE,DEN,1578.17954497318,1465.88383183867,0.7350887089692932,0.26491129103070676,1547.06361275549,1496.99976405636,1565.68073531547,1483.00614838524,Cam Newton,Drew Lock,175.3421359696832,109.09811103314935,11.572676145023735,1.9561735144854984,0.68173718817336,0.31826281182664,87.46967516151875,-75.85395546800147,166.55488988886677,90.60290438303427,1537.45067996036,1511.23620374035,12,18
2020-10-18,2020,0,,PIT,CLE,1570.59750046376,1514.58858392093,0.6674298150502322,0.33257018494976776,1592.44766164432,1492.73842274037,1594.78452181649,1564.8737061284,Ben Roethlisberger,Baker Mayfield,221.69891708982234,132.77108248712418,24.546428417930098,-1.7672791520392954,0.62627117761337,0.37372882238663,85.80596506770684,-10.04185065493533,208.1096218876108,118.48978917291821,1619.67478570813,1539.98344223676,38,7
2020-10-18,2020,0,,IND,CIN,1521.96056403671,1378.94472584793,0.768068244881297,0.231931755118703,1528.7812456826,1372.12404420204,1540.14308495402,1386.080859267,Philip Rivers,Joe Burrow,149.11386219980844,112.76908572507006,1.2007323793037095,-4.3945067256067,0.752373696056503,0.247626303943497,303.67934403895964,187.38399304988747,164.57041038372353,120.23057645755179,1547.47084176827,1378.75310245275,31,27
2020-10-18,2020,0,,PHI,BAL,1477.1736944113,1659.1047150535,0.3378010196166404,0.6621989803833597,1470.12603381604,1666.15237564876,1493.87972963818,1651.57702119705,Carson Wentz,Lamar Jackson,137.5091574089115,227.39826616590665,-13.452504511161541,-2.826001763160839,0.314979064842902,0.685020935157098,173.31326085063836,307.5807853216233,141.0895677530842,235.41651808147833,1487.35897701262,1658.09777382261,28,30
2020-10-18,2020,0,,JAX,DET,1372.71070337717,1390.65196560641,0.5673118446875602,0.43268815531243976,1338.57216644705,1424.79050253653,1341.9903991729,1416.36131933424,Gardner Minshew,Matthew Stafford,147.5253999273628,175.99339324083394,4.632651279277554,4.633084623788621,0.410271897073051,0.589728102926949,144.59991844068605,124.76475903895872,147.23285177869514,170.8705298206464,1318.50292556134,1439.8487929458,16,34
2020-10-18,2020,0,,MIN,ATL,1528.35727415949,1442.69247392226,0.7041828046041915,0.29581719539580853,1484.65753972531,1486.39220835644,1506.78619076537,1421.8005252614,Kirk Cousins,Matt Ryan,130.0429778151494,173.57761055906502,-13.022614239757651,-5.960295114036786,0.659131588154527,0.340868411845473,141.10281554188578,423.5097064205435,131.14896158782304,198.57082014521285,1466.59049147052,1461.99622455625,23,40
2020-10-18,2020,0,,TEN,HOU,1641.85441673774,1472.45536019211,0.7940167061014342,0.20598329389856584,1649.09903801971,1465.21073891014,1595.97018163167,1453.32319444347,Ryan Tannehill,Deshaun Watson,219.26608026371764,199.3332428107043,25.613005763996664,5.303373575849907,0.75832084786189,0.24167915213811,323.1487649903878,411.11527197839007,229.65434873638463,220.51144572747287,1604.59695872775,1444.69641734739,42,36
2020-10-18,2020,0,,NYG,WSH,1336.14143457913,1339.25615107631,0.5881300198275853,0.4118699801724147,1341.69494641027,1333.70263924517,1359.42897205791,1361.26771839298,Daniel Jones,Kyle Allen,119.77758626478578,82.78784356477634,-15.060061629965542,-13.26380563925835,0.543291445213117,0.456708554786883,140.14140770421525,201.85178498326775,121.81396840872873,94.69423770662549,1365.67468113761,1355.02200931328,20,19
2020-10-18,2020,0,,MIA,NYJ,1478.65596217852,1344.79365438891,0.7585494798138557,0.24145052018614432,1492.91137256678,1330.53824400065,1477.23465266846,1343.35551294848,Ryan Fitzpatrick,Joe Flacco,212.08084112497522,102.8884678589054,24.305159574518445,-16.469265854252978,0.772128634716672,0.227871365283328,98.0272212538367,-94.8232349676084,200.67547913786137,83.11729757625403,1490.61506070458,1329.97510491236,24,0
2020-10-18,2020,0,,TB,GB,1540.11834917907,1652.4975766358,0.43223534890774584,0.5677646510922542,1579.19656905067,1613.4193567642,1556.89894516404,1627.91224380609,Tom Brady,Aaron Rodgers,180.04036717078765,234.3086577881524,12.907145489339984,26.778558244604735,0.397634879117333,0.602365120882667,205.1150081128632,-154.90582741617555,182.5478312649952,195.3872092677196,1598.84129749437,1585.96989147576,38,10
2020-10-18,2020,0,,SF,LAR,1526.53367561631,1597.3096070845,0.4916885321135672,0.5083114678864328,1548.92996436037,1574.91331834044,1539.92639791363,1588.96943047744,Jimmy Garoppolo,Jared Goff,106.25540854123997,199.35643238779355,-15.618818111110164,13.714511217473877,0.437021128301025,0.562978871698975,346.7679111876144,121.73793511919126,130.3066588058774,191.59458266093336,1565.17106405568,1563.72476433539,24,16
2020-10-19,2020,0,,BUF,KC,1549.66016847695,1684.36430620528,0.40101222611281856,0.5989877738871814,1531.76001603915,1702.26445864308,1556.71261428957,1668.66636201909,Josh Allen,Patrick Mahomes,215.15877690818246,271.66235527920884,26.716568632695807,18.989065429218034,0.403658921634866,0.596341078365134,146.9761273608101,295.52481106858676,208.34051195344523,274.0486008581466,1538.67912821331,1686.69984809535,17,26
2020-10-19,2020,0,,DAL,ARI,1485.22691304373,1472.55020944108,0.6099597540477281,0.39004024595227194,1442.64515495388,1515.13196753093,1504.43359217444,1477.94264281154,Andy Dalton,Kyler Murray,120.90809001332059,219.6287890254612,-113.53009163883652,30.72752252467625,0.385159698980352,0.614840301019648,31.61337549992787,253.03684996880298,111.97861856198134,222.96959511979534,1479.41849621153,1502.95773877445,10,38
2020-10-22,2020,0,,PHI,NYG,1470.12603381604,1341.69494641027,0.7527771068386627,0.24722289316133728,1473.27629015712,1338.54469006919,1487.35897701262,1365.67468113761,Carson Wentz,Daniel Jones,141.08956775308428,121.81396840872863,-10.989674113516873,-13.288867476495946,0.712105908563652,0.287894091436348,217.46548674972922,252.56803707116717,148.72715965274878,134.88937527497248,1491.08367853207,1361.94997961816,22,21
2020-10-25,2020,0,,CIN,CLE,1372.12404420204,1492.73842274037,0.42064111800511006,0.5793588819948899,1360.74895000077,1504.11351694164,1378.75310245275,1539.98344223676,Joe Burrow,Baker Mayfield,120.23057645755166,118.48978917291814,-0.4440360230856164,-8.819561851540442,0.335191301098923,0.664808698901077,399.6019578299463,379.2116678526363,148.16771459479114,144.56197704088993,1369.93637697168,1548.80016771783,34,37
2020-10-25,2020,0,,ATL,DET,1486.39220835644,1424.79050253653,0.6745370561448227,0.32546294385517727,1476.47016287278,1434.71254802019,1461.99622455625,1439.8487929458,Matt Ryan,Matthew Stafford,198.57082014521265,170.87052982064637,6.834324434738767,1.8399986825055024,0.589035116288308,0.410964883711692,246.56621353427678,202.98396578041658,203.3703594841191,174.08187341662335,1453.59156301927,1448.25345448278,22,23
2020-10-25,2020,0,,TEN,PIT,1649.09903801971,1592.44766164432,0.6682502067617823,0.33174979323821774,1629.48672406597,1612.05997559806,1604.59695872775,1619.67478570813,Ryan Tannehill,Ben Roethlisberger,229.65434873638455,208.1096218876108,29.52648971213008,16.52445939592799,0.547075163306787,0.452924836693213,228.6865328934364,112.00579939509642,229.55756715208972,198.4992396383594,1589.19918929764,1635.07255513824,24,27
2020-10-25,2020,0,,HOU,GB,1465.21073891014,1613.4193567642,0.38249128626860274,0.6175087137313973,1444.77388315885,1633.85621251549,1444.69641734739,1585.96989147576,Deshaun Watson,Aaron Rodgers,220.5114457274731,195.38720926771958,15.627306355441764,5.97890607215813,0.367634034815766,0.632365965184234,326.49554872284506,326.0976177564933,231.10985602701032,208.45825011659693,1425.14768646924,1605.51862235391,20,35
2020-10-25,2020,0,,WSH,DAL,1333.70263924517,1442.64515495388,0.43709668740769664,0.5629033125923033,1369.72168053664,1406.62611366241,1355.02200931328,1479.41849621153,Kyle Allen,Andy Dalton,94.69423770662559,111.97861856198126,-6.647418286370727,-112.31832278256445,0.527472127202156,0.472527872797844,136.4012984859878,-163.23937166537053,98.86494378456182,84.45681953924608,1384.39901378365,1450.04149174116,25,3
2020-10-25,2020,0,,NYJ,BUF,1330.53824400065,1531.76001603915,0.31342496082767735,0.6865750391723227,1317.56804504341,1544.73021499639,1329.97510491236,1538.67912821331,Sam Darnold,Josh Allen,121.00961795019239,208.3405119534453,12.360932671072254,21.971607723692554,0.257242151161323,0.742757848838677,-210.6551384692174,265.68215120676996,87.8431423082514,214.07467587877775,1319.54409877562,1549.11013435005,10,18
2020-10-25,2020,0,,NO,CAR,1585.86125522092,1442.49824805106,0.7684240595858819,0.2315759404141181,1591.72641194941,1436.63309132257,1585.45815706412,1440.50768857804,Drew Brees,Teddy Bridgewater,243.0807556898734,171.6017164725986,5.240069849326932,15.202780788455046,0.755077882534077,0.244922117465923,366.630676373709,297.86519331421147,255.43574775825695,184.22806415675987,1591.69442065444,1434.27142498772,27,24
2020-10-25,2020,0,,OAK,TB,1498.40531427875,1579.19656905067,0.4772901932920352,0.5227098067079647,1467.52581197271,1610.07607135671,1514.42227998958,1598.84129749437,Derek Carr,Tom Brady,230.7411473699643,182.54783126499512,26.009520825896157,13.515520261976699,0.397869627966842,0.602130372033158,216.7957549702583,485.9779600019717,229.34660812999368,212.89084413869276,1489.31770183425,1623.9458756497,20,45
2020-10-25,2020,0,,NE,SF,1547.06361275549,1548.92996436037,0.5898696378710866,0.4101303621289134,1506.5908355436,1589.40274157226,1537.45067996036,1565.17106405568,Cam Newton,Jimmy Garoppolo,166.5548898888669,130.30665880587728,6.600419297364411,-2.8122520732359937,0.536558163228845,0.463441836771155,-88.3226706211433,159.56503332102366,141.06713383786592,133.23249625739192,1501.27377083021,1601.34797318583,6,33
2020-10-25,2020,0,,DEN,KC,1496.99976405636,1702.26445864308,0.3084387400528219,0.6915612599471781,1477.67615404928,1721.58806865016,1511.23620374035,1686.69984809535,Drew Lock,Patrick Mahomes,90.60290438303412,274.04860085814653,-7.389238486296488,19.232734947226025,0.276812603115755,0.723187396884245,65.34361200839471,73.16248241906769,88.07697514557016,253.95998901423866,1494.08858364801,1703.84746818769,16,43
2020-10-25,2020,0,,LAC,JAX,1430.0902579802,1338.57216644705,0.7111530206448609,0.28884697935513914,1443.02268213143,1325.63974229582,1438.39468904284,1318.50292556134,Justin Herbert,Gardner Minshew,159.88663857461162,147.2328517786952,12.08807679333736,4.254744640979917,0.753745743431784,0.246254256568216,452.45281210263744,31.769445931763794,189.14325592741417,135.68651119400204,1449.24598121349,1307.65163339069,39,29
2020-10-25,2020,0,,ARI,SEA,1515.13196753093,1624.05337216934,0.43712658805486354,0.5628734119451364,1531.05604492868,1608.12929477159,1502.95773877445,1615.7011643798,Kyler Murray,Russell Wilson,222.96959511979546,242.99161882212292,30.861549445609725,23.973027645513536,0.368689149021076,0.631310850978924,469.6772892247986,333.5989977405558,247.64036453029576,252.05235671396616,1521.23773675938,1597.42116639487,37,34
2020-10-26,2020,0,,LAR,CHI,1574.91331834044,1556.6321075484,0.6176074083278007,0.3823925916721993,1594.86867316702,1536.67675272182,1563.72476433539,1564.8489989155,Jared Goff,Nick Foles,191.5945826609334,145.7449365631126,9.147860793170217,5.227342584414069,0.561294753153214,0.438705246846786,236.46837645952584,31.075806643857355,196.08196204079266,134.27802357118705,1587.03197289515,1541.54179035574,24,10
2020-10-29,2020,0,,CAR,ATL,1436.63309132257,1476.47016287278,0.5361491821212897,0.4638508178787103,1412.79968893975,1500.3035652556,1434.27142498772,1453.59156301927,Teddy Bridgewater,Matt Ryan,184.22806415676,203.37035948411918,20.75581559111313,8.892377882454989,0.537989225357995,0.462010774642005,20.87105850702081,189.20543357064756,167.8923635917861,201.95386689277203,1410.34208139105,1477.52090661594,17,25
2020-11-01,2020,0,,DET,IND,1434.71254802019,1528.7812456826,0.4582641206202925,0.5417358793797076,1407.17252758018,1556.32126612261,1448.25345448278,1547.47084176827,Matthew Stafford,Philip Rivers,174.08187341662324,164.57041038372364,3.3536705463686545,8.868969852296086,0.365567716188239,0.634432283811761,170.39108441301804,222.984193873188,173.71279451626273,170.41178873267003,1426.9224215177,1568.80187473335,21,41
2020-11-01,2020,0,,BAL,PIT,1666.15237564876,1612.05997559806,0.664976486532101,0.33502351346789905,1643.52259227614,1634.68975897068,1658.09777382261,1635.07255513824,Lamar Jackson,Ben Roethlisberger,235.41651808147836,198.49923963835943,1.3244242827829509,10.893045301506056,0.602497783864752,0.397502216135248,85.5484972643895,184.41388882373158,220.42971599976948,197.0907045568966,1638.04562054851,1655.12470841234,24,28
2020-11-01,2020,0,,MIA,LAR,1492.91137256678,1594.86867316702,0.4470138633307442,0.5529861366692558,1520.8633093731,1566.9167363607,1490.61506070458,1587.03197289515,Tua Tagovailoa,Jared Goff,111.08789999999998,196.08196204079275,-72.20035853562577,10.93415744344144,0.343905821417189,0.656094178582811,64.13830732728935,97.65421779639702,106.39294073272892,186.23918761635318,1524.97419903374,1552.67283456599,28,17
2020-11-01,2020,0,,CIN,TEN,1360.74895000077,1629.48672406597,0.23634763708132836,0.7636523629186717,1402.57442345008,1587.66125061666,1369.93637697168,1589.19918929764,Joe Burrow,Ryan Tannehill,148.1677145947911,229.55756715208977,13.546734846688222,28.00177443437617,0.24049614020071,0.75950385979929,267.7418004409665,162.21737547562964,160.12512317940863,222.82354798444374,1411.45209293276,1547.68347333656,31,20
2020-11-01,2020,0,,KC,NYJ,1721.58806865016,1317.56804504341,0.9370205237799335,0.0629794762200665,1725.00995511727,1314.1461585763,1703.84746818769,1319.54409877562,Patrick Mahomes,Sam Darnold,253.95998901423874,87.84314230825154,8.226792277910908,-4.840351783451581,0.924312413450329,0.0756875865496711,510.0943346620572,104.94272242360005,279.57342357902064,89.55310031978641,1708.0133693302,1315.37819763311,35,9
2020-11-01,2020,0,,CLE,OAK,1504.11351694164,1467.52581197271,0.6421678824739848,0.3578321175260152,1471.82555395723,1499.81377495712,1548.80016771783,1489.31770183425,Baker Mayfield,Derek Carr,144.56197704088999,229.34660812999383,4.657510175022539,24.011775164616008,0.613756819635647,0.386243180364353,30.995353017498537,102.38815095407415,133.20531463855082,216.65076241240186,1518.24839505002,1519.86947450206,6,16
2020-11-01,2020,0,,BUF,NE,1544.73021499639,1506.5908355436,0.644217770721933,0.355782229278067,1554.15284556575,1497.16820497424,1549.11013435005,1501.27377083021,Josh Allen,Cam Newton,214.07467587877767,141.06713383786584,23.740109300174193,-6.473479693004267,0.656596074550678,0.343403925449322,123.17307267059752,198.15390946986852,204.98451555795967,146.7758114010661,1558.16773963577,1492.21616554449,24,21
2020-11-01,2020,0,,GB,MIN,1633.85621251549,1484.65753972531,0.7743478745126486,0.22565212548735136,1600.46933732322,1518.04441491758,1605.51862235391,1466.59049147052,Aaron Rodgers,Kirk Cousins,208.45825011659704,131.14896158782307,12.215481192988923,-11.818491641432857,0.729100248381034,0.270899751618966,311.8805121151401,147.77706230232792,218.80047631645132,132.81177165927355,1574.73689937311,1497.37221445131,22,28
2020-11-01,2020,0,,DEN,LAC,1477.67615404928,1443.02268213143,0.6396053114441634,0.36039468855583656,1482.45578231663,1438.24305386408,1494.08858364801,1449.24598121349,Drew Lock,Justin Herbert,88.07697514557017,189.14325592741392,-8.282741180713558,26.111981630071593,0.566944475141413,0.433055524858587,166.10726465080043,219.62064931373916,95.8800040960932,192.19099526604646,1499.96696209457,1443.36760276693,31,30
2020-11-01,2020,0,,SEA,SF,1608.12929477159,1589.40274157226,0.6182126663570331,0.3817873336429669,1625.76774006447,1571.76429627938,1597.42116639487,1601.34797318583,Russell Wilson,Jimmy Garoppolo,252.05235671396613,133.23249625739194,27.304745209159428,-1.2087207438167304,0.585946734180648,0.414053265819352,358.25975392553937,-55.77028422081699,262.67309643512345,114.33221820957107,1616.7483702227,1582.020769358,37,27
2020-11-01,2020,0,,CHI,NO,1536.67675272182,1591.72641194941,0.5143157776703479,0.48568422232965214,1522.35210276958,1606.05106190165,1541.54179035574,1591.69442065444,Nick Foles,Drew Brees,134.27802357118708,255.43574775825675,-0.7674810407695233,11.155562391052175,0.463032714197331,0.536967285802669,104.7382246641258,336.8112486521739,131.32404368048097,263.57329784764846,1528.85223340714,1604.38397760304,23,26
2020-11-01,2020,0,,PHI,DAL,1473.27629015712,1406.62611366241,0.6808844462653955,0.31911555373460454,1489.58403722819,1390.31836659134,1491.08367853207,1450.04149174116,Carson Wentz,Ben DiNucci,148.7271596527487,8.61498,-6.621394458008876,-196.3051456940498,0.824679861894282,0.175320138105718,-57.89247542268662,-13.86407376676608,128.06519614520516,6.367074623323391,1499.54471111095,1441.58045916228,23,9
2020-11-02,2020,0,,NYG,TB,1338.54469006919,1610.07607135671,0.2334574814685022,0.7665425185314978,1333.85533199942,1614.76542942648,1361.94997961816,1623.9458756497,Daniel Jones,Tom Brady,134.88937527497256,212.89084413869284,-6.086720669549198,28.0112506857269,0.133403682541879,0.866596317458121,123.0922582373705,232.62850342786788,133.70966357121236,214.86461006761036,1359.39614180842,1626.49971345944,23,25
2020-11-05,2020,0,,SF,GB,1571.76429627938,1600.46933732322,0.5520434655212751,0.44795653447872485,1539.31676960145,1632.91686400115,1582.020769358,1574.73689937311,Nick Mullens,Aaron Rodgers,83.43458289292631,218.80047631645138,-41.49605904718097,16.77582023326671,0.484679780711171,0.515320219288829,166.42450020283658,409.28305724488706,91.73357462391736,237.84873440929493,1554.13764026684,1602.62002846427,17,34
2020-11-08,2020,0,,JAX,HOU,1325.63974229582,1444.77388315885,0.42271908042227757,0.5772809195777224,1316.57471276122,1453.83891269345,1307.65163339069,1425.14768646924,Jake Luton,Deshaun Watson,27.658619999999996,231.10985602701018,-109.75905407741769,20.145146187438044,0.228786859342778,0.771213140657222,202.5090278842937,226.84646251312913,45.143660788429365,230.6835166756221,1303.06479475334,1429.73452510659,25,27
2020-11-08,2020,0,,IND,BAL,1556.32126612261,1643.52259227614,0.4680931397513402,0.5319068602486599,1531.2221596294,1668.62169876935,1568.80187473335,1638.04562054851,Philip Rivers,Lamar Jackson,170.4117887326701,220.4297159997695,11.346210534154643,-6.235197972210588,0.476096485728436,0.523903514271564,118.39948539817,254.89782120799225,165.2105583992201,223.87652652059177,1543.20938020013,1663.63811508173,10,24
2020-11-08,2020,0,,MIN,DET,1518.04441491758,1407.17252758018,0.7334895635420094,0.26651043645799055,1531.41038821575,1393.80655428201,1497.37221445131,1426.9224215177,Kirk Cousins,Matthew Stafford,132.81177165927363,173.71279451626287,-10.39616202363585,3.001447568870197,0.629684687268628,0.370315312731372,201.9012751951536,89.67277752500826,139.72072201286161,165.30879281713737,1516.62194478245,1407.67269118656,34,20
2020-11-08,2020,0,,ATL,DEN,1500.3035652556,1482.45578231663,0.6170179926141776,0.38298200738582244,1515.6532976733,1467.10604989893,1477.52090661594,1499.96696209457,Matt Ryan,Drew Lock,201.95386689277206,95.88000409609313,7.7395126926585585,-3.9670896464162677,0.538933775226683,0.461066224773317,254.47590786367726,231.3237965972947,207.20607098986258,109.42438334621326,1496.46270721141,1481.0251614991,34,27
2020-11-08,2020,0,,KC,CAR,1725.00995511727,1412.79968893975,0.8976513702401842,0.10234862975981585,1726.92963718969,1410.88000686733,1708.0133693302,1410.34208139105,Patrick Mahomes,Teddy Bridgewater,279.5734235790207,167.89236359178622,20.622169946406274,11.550174529070757,0.878044877293975,0.121955122706025,379.3614529077417,410.19187731804476,289.5522265118928,192.12231496441208,1710.33163572877,1408.02381499248,33,31
2020-11-08,2020,0,,BUF,SEA,1554.15284556575,1625.76774006447,0.4904815516742413,0.5095184483257587,1578.66197646369,1601.25860916653,1558.16773963577,1616.7483702227,Josh Allen,Russell Wilson,204.9845155579597,262.6730964351235,18.008023674756394,31.249877809280104,0.456446776223107,0.543553223776893,319.2245210058488,211.97250501200006,216.4085161027486,257.60303729281117,1584.59994720737,1590.3161626511,44,34
2020-11-08,2020,0,,TEN,CHI,1587.66125061666,1522.35210276958,0.6792047922564614,0.32079520774353865,1600.25670165657,1509.75665172967,1547.68347333656,1528.85223340714,Ryan Tannehill,Nick Foles,222.82354798444388,131.32404368048097,23.234676128834607,-2.2060969340840146,0.611576852776955,0.388423147223045,81.34697723519069,242.11100143454334,208.67589090951856,142.4027394558872,1563.27853726403,1513.25716947967,24,17
2020-11-08,2020,0,,WSH,NYG,1369.72168053664,1333.85533199942,0.6412131331915106,0.35878686680848937,1351.08920965571,1352.48780288035,1384.39901378365,1359.39614180842,Kyle Allen,Daniel Jones,98.86494378456167,133.7096635712125,-4.229694333084333,-6.372240487951816,0.621212621340283,0.378787378659717,28.24336927209963,56.41888793352306,91.80278633331547,125.98058600744356,1366.47519000939,1377.31996558268,20,23
2020-11-08,2020,0,,LAC,OAK,1438.24305386408,1499.81377495712,0.504934968799675,0.49506503120032497,1420.12036465032,1517.93646417088,1443.36760276693,1519.86947450206,Justin Herbert,Derek Carr,192.19099526604649,216.65076241240178,26.33025221788434,16.463263547589218,0.45306922672811,0.54693077327189,259.42187638224857,148.19819243388554,198.91408337766669,209.80550541455017,1427.36962116374,1535.86745610525,26,31
2020-11-08,2020,0,,ARI,MIA,1531.05604492868,1520.8633093731,0.6065526274402168,0.39344737255978324,1513.64370732358,1538.2756469782,1521.23773675938,1524.97419903374,Kyler Murray,Tua Tagovailoa,247.64036453029567,106.39294073272887,41.65385667857932,-70.93782024248006,0.73227404422382,0.26772595577618,552.7577979222024,208.64533886915365,278.1521078694864,116.61818054637135,1499.18246512827,1547.02947066485,31,34
2020-11-08,2020,0,,DAL,PIT,1390.31836659134,1634.68975897068,0.26259105163162355,0.7374089483683764,1381.61774918823,1643.39037637379,1441.58045916228,1655.12470841234,Garrett Gilbert,Ben Roethlisberger,16.32312,197.09070455689658,-177.65779572100888,9.644125495699186,0.109826724758541,0.890173275241459,180.56736341679485,364.7284393640745,32.747544341679486,213.85447803761437,1438.20287658365,1658.50229099097,19,24
2020-11-08,2020,0,,TB,NO,1614.76542942648,1606.05106190165,0.6045198737280251,0.39548012627197493,1569.93722344324,1650.87926788489,1626.49971345944,1604.38397760304,Tom Brady,Drew Brees,214.86461006761044,263.5732978476487,27.597571115899285,14.666559316195684,0.599342064019002,0.400657935980998,-100.51239555345549,360.4439363411271,183.32690950550383,273.2603616969965,1582.13379641166,1648.74989465082,3,38
2020-11-09,2020,0,,NYJ,NE,1314.1461585763,1497.16820497424,0.33639757087583627,0.6636024291241638,1305.29411746726,1506.02024608328,1315.37819763311,1492.21616554449,Joe Flacco,Cam Newton,83.11729757625393,146.7758114010662,-10.179157932043973,-3.2954669267539973,0.296567535166184,0.703432464833816,280.99071005269275,314.6059089445787,102.90463882389783,163.55882115541743,1307.68057573378,1499.91378744382,27,30
2020-11-12,2020,0,,TEN,IND,1600.25670165657,1531.2221596294,0.683859304106022,0.316140695893978,1558.15980458662,1573.31905669935,1563.27853726403,1543.20938020013,Ryan Tannehill,Philip Rivers,208.67589090951864,165.21055839921996,14.999113784930218,8.178284840721927,0.586745758626031,0.413254241373969,111.10922116321764,248.4517423784411,198.91922393488852,173.53467679714205,1528.39473284686,1578.0931846173,17,34
2020-11-15,2020,0,,GB,JAX,1632.91686400115,1316.57471276122,0.8998160071416239,0.10018399285837609,1635.66526227718,1313.82631448519,1602.62002846427,1303.06479475334,Aaron Rodgers,Jake Luton,237.8487344092949,45.14366078842949,25.46115826802525,-95.52858097933192,0.933067540247793,0.0669324597522067,265.63043040309765,-12.54043379168019,240.62690400867515,39.37525133041853,1604.4034582443,1301.28136497331,24,20
2020-11-15,2020,0,,CLE,HOU,1471.82555395723,1453.83891269345,0.6172068626988942,0.38279313730110576,1482.05304024974,1443.61142640094,1518.24839505002,1429.73452510659,Baker Mayfield,Deshaun Watson,133.20531463855076,230.68351667562197,-1.2536965348983848,18.924719202372067,0.679845397364393,0.320154602635607,-1.3601324942960666,139.14503442199535,119.74876992526607,221.52966845025935,1526.62675696283,1421.35616319378,10,7
2020-11-15,2020,0,,NYG,PHI,1352.48780288035,1489.58403722819,0.397709203357401,0.602290796642599,1382.35105713413,1459.72078297441,1377.31996558268,1499.54471111095,Daniel Jones,Carson Wentz,125.98058600744363,128.0651961452051,-9.918167245438656,-16.62130648888015,0.350468671168172,0.649531328831828,271.5854209371973,30.097491824119498,140.541069500419,118.26842571309653,1410.06543262477,1466.79924406886,27,17
2020-11-15,2020,0,,CAR,TB,1410.88000686733,1569.93722344324,0.3678533949072375,0.6321466050927624,1388.45748539805,1592.35974491252,1408.02381499248,1582.13379641166,Teddy Bridgewater,Tom Brady,192.122314964412,183.32690950550395,23.08764148893014,10.448842279051124,0.248299045144438,0.751700954855562,164.5180305396959,386.0996712779778,189.3618865219404,203.60418568275128,1393.51105227566,1596.64655912848,23,46
2020-11-15,2020,0,,DET,WSH,1393.80655428201,1351.08920965571,0.6502346689478355,0.34976533105216445,1403.05145557826,1341.84430835946,1407.67269118656,1366.47519000939,Matthew Stafford,Alex Smith,165.3087928171373,143.29577797854,-1.3506256591360604,43.943703303171205,0.54379612610353,0.45620387389647,315.2542345524719,225.43250245102092,180.30333699067074,151.50945042578806,1420.14832907453,1353.99955212142,30,27
2020-11-15,2020,0,,ARI,BUF,1513.64370732358,1578.66197646369,0.4999737085939746,0.5000262914060254,1524.63049912751,1567.67518465976,1499.18246512827,1584.59994720737,Kyler Murray,Josh Allen,278.15210786948643,216.4085161027485,54.827035514245836,22.819622763412845,0.481659908306269,0.518340091693731,298.36017077702513,215.99936294132095,280.1729141602402,216.36760078660575,1510.63794930233,1573.14446303331,32,30
2020-11-15,2020,0,,MIA,LAC,1538.2756469782,1420.12036465032,0.741604850999666,0.258395149000334,1548.7580086419,1409.63800298662,1547.02947066485,1427.36962116374,Tua Tagovailoa,Justin Herbert,116.61818054637135,198.91408337766669,-62.27830932353479,28.375283662800364,0.601257265605378,0.398742734394622,143.39457382781617,138.98619904171693,119.29581987451581,192.92129494407172,1564.00160324285,1410.39748858574,29,21
2020-11-15,2020,0,,OAK,DEN,1517.93646417088,1467.10604989893,0.6607803075521802,0.3392196924478198,1538.9350925447,1446.10742152511,1535.86745610525,1481.0251614991,Derek Carr,Drew Lock,209.80550541455008,109.42438334621342,12.217471871284031,3.0034544609648766,0.639391178091973,0.360608821908027,110.37840348611834,-134.73292642123874,199.8627952217069,85.00865236946822,1558.34873673311,1458.54388087124,37,12
2020-11-15,2020,0,,LAR,SEA,1566.9167363607,1601.25860916653,0.5440064321184054,0.4559935678815946,1585.62033153479,1582.55501399244,1552.67283456599,1590.3161626511,Jared Goff,Russell Wilson,186.2391876163533,257.6030372928111,5.466062359049804,27.15235434765976,0.503648133265863,0.496351866734137,123.70958597118131,18.98768297654976,179.9862274518361,233.741501861185,1573.2917694903,1569.69722772679,23,16
2020-11-15,2020,0,,PIT,CIN,1643.39037637379,1402.57442345008,0.8532620210455575,0.14673797895444252,1651.88241082075,1394.08238900312,1658.50229099097,1411.45209293276,Ben Roethlisberger,Joe Burrow,213.85447803761411,160.12512317940863,17.543805961273005,18.84810239666246,0.812538915557516,0.187461084442484,333.2627977174749,94.28528626158015,225.79531000560021,153.54113948762577,1669.57663811772,1400.37774580601,36,10
2020-11-15,2020,0,,NO,SF,1650.87926788489,1539.31676960145,0.7342659783391571,0.2657340216608429,1664.20242986275,1525.99360762359,1648.74989465082,1554.13764026684,Drew Brees,Nick Mullens,273.2603616969966,91.73357462391738,18.776763275060002,-35.27176022932649,0.748375955864567,0.251624044135433,14.565195398267612,74.42951523984239,247.39084506712373,90.00316868550988,1661.298119318,1541.58941559966,27,13
2020-11-15,2020,0,,NE,BAL,1506.02024608328,1668.62169876935,0.36312202855848824,0.6368779714415118,1531.95706079262,1642.68488406001,1499.91378744382,1663.63811508173,Cam Newton,Lamar Jackson,163.5588211554175,223.87652652059177,5.26081129675925,-4.200032813189034,0.333993021995026,0.666006978004974,197.2558021438864,279.44746556568305,166.92851925426436,229.43362042510088,1527.32759159236,1636.22431093319,23,17
2020-11-16,2020,0,,CHI,MIN,1509.75665172967,1531.41038821575,0.5620586361989413,0.43794136380105875,1487.4426910851,1553.72434886032,1513.25716947967,1516.62194478245,Nick Foles,Kirk Cousins,142.40273945588723,139.72072201286164,3.4435558003231943,-6.421878745659953,0.558623024652485,0.441376975347515,-47.17457033561711,253.46591938905595,123.44500847673679,151.09524175048108,1491.10448846427,1538.77462579785,13,19
2020-11-19,2020,0,,SEA,ARI,1582.55501399244,1524.63049912751,0.6698729282302078,0.33012707176979217,1595.55807004435,1511.6274430756,1569.69722772679,1510.63794930233,Russell Wilson,Kyler Murray,233.7415018611849,280.1729141602403,13.863968914463577,53.09608688391049,0.581650170028126,0.418349829971874,209.12568580987974,188.1103976882473,231.27992025605437,270.966662513041,1586.65463840147,1493.68053862765,28,21
2020-11-22,2020,0,,CAR,DET,1388.45748539805,1403.05145557826,0.5720354089243852,0.4279645910756148,1413.93275627979,1377.57618469652,1393.51105227566,1420.14832907453,P.J. Walker,Matthew Stafford,0.0,180.30333699067074,-168.80884132869272,6.214177710587567,0.277031530456609,0.72296846954339,64.30716834409495,-82.69902127029575,6.430716834409494,154.00310116457408,1441.14056030687,1372.51882104332,20,0
2020-11-22,2020,0,,CLE,PHI,1482.05304024974,1459.72078297441,0.6230994751351188,0.37690052486488124,1495.04366005076,1446.73016317339,1526.62675696283,1466.79924406886,Baker Mayfield,Carson Wentz,119.74876992526602,118.26842571309645,-7.9192840647957095,-20.68862638049064,0.649343093189043,0.350656906810957,22.68244090596231,-4.795926283479539,110.04213702333566,105.96199051343885,1538.60961111007,1454.81638992162,22,17
2020-11-22,2020,0,,HOU,NE,1443.61142640094,1531.95706079262,0.4664534044325114,0.5335465955674886,1466.03899910247,1509.52948809109,1421.35616319378,1527.32759159236,Deshaun Watson,Cam Newton,221.52966845025946,166.92851925426436,13.40155912957222,6.682619781344778,0.41467172333265,0.58532827666735,495.4513833030233,206.90416514604374,248.92183993553587,170.92608384344229,1446.3803729965,1502.30338178964,27,20
2020-11-22,2020,0,,WSH,CIN,1341.84430835946,1394.08238900312,0.5183576228657796,0.4816423771342204,1365.64298220359,1370.28371515899,1353.99955212142,1400.37774580601,Alex Smith,Joe Burrow,151.50945042578795,153.54113948762588,45.85335436163658,14.613705430937902,0.528043375525491,0.471956624474509,20.225948847224668,116.63781384047331,138.38110026793163,149.8508069229106,1377.24876858546,1377.12852934197,20,9
2020-11-22,2020,0,,BAL,TEN,1642.68488406001,1558.15980458662,0.7028143083986913,0.2971856916013087,1613.33802728813,1587.5066613585,1636.22431093319,1528.39473284686,Lamar Jackson,Ryan Tannehill,229.43362042510074,198.91922393488858,-1.2114842202750835,9.370824608368729,0.682105709168363,0.317894290831637,96.73544627514404,261.609303052317,216.16380301010508,205.18823184663145,1607.97496307408,1556.64408070597,24,30
2020-11-22,2020,0,,NO,ATL,1664.20242986275,1515.6532976733,0.7736938669631457,0.22630613303685432,1675.64117301904,1504.21455451701,1661.298119318,1496.46270721141,Taysom Hill,Matt Ryan,0.0,207.20607098986244,-242.4876782707533,9.978639106570858,0.389692019451563,0.610307980548437,235.89389778305505,-183.0956695065247,23.589389778305506,168.17589694022368,1696.38362010706,1461.37720642235,24,9
2020-11-22,2020,0,,JAX,PIT,1313.82631448519,1651.88241082075,0.1719546360070892,0.8280453639929108,1303.9785688752,1661.73015643074,1301.28136497331,1669.57663811772,Jake Luton,Ben Roethlisberger,39.37525133041863,225.79531000560004,-93.63635665937058,22.63703164720237,0.0702288476406495,0.92977115235935,-153.34268703587392,209.41519989856783,20.103457493789374,224.15729899489682,1297.52617059969,1673.33183249134,3,27
2020-11-22,2020,0,,DEN,MIA,1446.10742152511,1548.7580086419,0.44602755821864093,0.5539724417813591,1469.54764134666,1525.31778882035,1458.54388087124,1564.00160324285,Drew Lock,Tua Tagovailoa,85.00865236946808,119.29581987451589,-9.354583750456229,-57.825574193285576,0.475388489207936,0.524611510792064,143.55318010525602,-6.05422567256265,90.86310514304687,106.76081531980805,1480.5329316787,1542.01255243539,20,13
2020-11-22,2020,0,,LAC,NYJ,1409.63800298662,1305.29411746726,0.7260795340708582,0.27392046592914177,1419.53655894952,1295.39556150436,1410.39748858574,1307.68057573378,Justin Herbert,Joe Flacco,192.92129494407166,102.90463882389768,23.960125262862693,0.2234705883801631,0.696446861682229,0.303553138317771,334.81190451297596,82.73113615205042,207.1103559009621,100.88728855671296,1421.4842363805,1296.59382793902,34,28
2020-11-22,2020,0,,IND,GB,1573.31905669935,1635.66526227718,0.5038190429020188,0.49618095709798116,1587.05953922326,1621.92477975327,1578.0931846173,1604.4034582443,Philip Rivers,Aaron Rodgers,173.5346767971422,240.62690400867524,11.931429797647143,25.577185154314197,0.491959337182576,0.508040662817424,262.28287891352875,320.68005112068187,182.40949700878085,248.6322187198759,1592.21493008848,1590.28171277312,34,31
2020-11-22,2020,0,,MIN,DAL,1553.72434886032,1381.61774918823,0.7965541611450148,0.20344583885498524,1528.97141228391,1406.37068576464,1538.77462579785,1438.20287658365,Kirk Cousins,Andy Dalton,151.09524175048114,84.45681953924621,-0.41352493956707614,-108.85341856655211,0.78061571233522,0.21938428766478,300.58830841149427,205.95044919678864,166.04454841658247,96.60618250500046,1514.72056990886,1462.25693247264,28,31
2020-11-22,2020,0,,OAK,KC,1538.9350925447,1726.92963718969,0.3300379297888141,0.6699620702111859,1528.87405966342,1736.99067007097,1558.34873673311,1710.33163572877,Derek Carr,Patrick Mahomes,199.86279522170673,289.55222651189274,6.635243181298042,24.580462915522176,0.287892563784867,0.712107436215133,308.13857446776785,329.02001091544827,210.69037314631288,293.49900495224824,1549.70029827057,1718.98007419131,31,35
2020-11-23,2020,0,,TB,LAR,1592.35974491252,1585.62033153479,0.6017986788802185,0.39820132111978146,1575.11191102722,1602.86816542009,1596.64655912848,1573.2917694903,Tom Brady,Jared Goff,203.60418568275125,179.98622745183596,20.06503825372199,2.06627915883873,0.617184115922795,0.382815884077205,90.60458984334714,376.0384200283359,192.30422609881083,199.59144670948595,1578.86393519877,1591.07439342001,24,27
2020-11-26,2020,0,,DET,HOU,1377.57618469652,1466.03899910247,0.4662855317538284,0.5337144682461716,1351.43326887422,1492.18191492477,1372.51882104332,1446.3803729965,Matthew Stafford,Deshaun Watson,154.00310116457408,248.92183993553576,-7.2466490879900665,26.427566915731727,0.40048862867769,0.59951137132231,70.13524790436648,307.5681009425151,145.6163158385533,254.78646603623372,1350.52602592983,1468.37316810999,25,41
2020-11-26,2020,0,,DAL,WSH,1406.37068576464,1365.64298220359,0.6476253901514177,0.35237460984858227,1362.03970455093,1409.9739634173,1462.25693247264,1377.24876858546,Andy Dalton,Alex Smith,96.60618250500063,138.3811002679317,-97.33606615534724,36.996511564626566,0.483470589660619,0.516529410339381,89.32221416407477,16.24518400654449,95.87778567090803,126.16750864179299,1430.91673664705,1408.58896441105,16,41
2020-11-29,2020,0,,BUF,LAC,1567.67518465976,1419.53655894952,0.7732798463511764,0.22672015364882359,1577.58785684161,1409.62388676767,1573.14446303331,1421.4842363805,Josh Allen,Justin Herbert,216.36760078660583,207.1103559009619,21.658183967171073,29.856649478164748,0.770396147959305,0.229603852040695,127.73087036007274,101.90845325379905,207.50392774395254,196.59016563624564,1583.19506428494,1411.43363512887,27,17
2020-11-29,2020,0,,NYJ,MIA,1295.39556150436,1525.31778882035,0.27901180821879756,0.7209881917812024,1280.39138715294,1540.32196317177,1296.59382793902,1542.01255243539,Sam Darnold,Ryan Fitzpatrick,89.5531003197864,200.6754791378614,-12.130566311557644,32.71286605707814,0.189095187863893,0.810904812136107,-60.00818788438188,98.58760030295088,74.59697149936956,190.46669125437037,1286.78980711861,1551.8165732558,3,20
2020-11-29,2020,0,,NE,ARI,1509.52948809109,1511.6274430756,0.5895470630033618,0.4104529369966382,1520.59332450679,1500.5636066599,1502.30338178964,1493.68053862765,Cam Newton,Kyler Murray,170.92608384344229,270.9666625130411,8.347271086866362,45.8381567161155,0.519141521375986,0.480858478624014,-122.45430746498928,91.80510515349755,141.5880447125991,253.05050677708675,1515.55545041447,1480.42847000282,20,17
2020-11-29,2020,0,,MIN,CAR,1528.97141228391,1413.93275627979,0.738152044644121,0.261847955355879,1532.3268046627,1410.577363901,1514.72056990886,1441.14056030687,Kirk Cousins,Teddy Bridgewater,166.04454841658244,189.36188652194056,7.081804640461969,25.778128842477667,0.628904013662157,0.371095986337843,341.4922208088435,149.4192177525742,183.58931565580855,185.36761964500388,1519.65933243164,1436.20179778409,28,27
2020-11-29,2020,0,,IND,TEN,1587.05953922326,1587.5066613585,0.5918446288713468,0.4081553711286532,1550.52744548069,1624.03875510107,1592.21493008848,1556.64408070597,Philip Rivers,Ryan Tannehill,182.4094970087808,205.18823184663142,15.772268413583873,12.036787333821675,0.603962410054515,0.396037589945485,119.91496497701192,206.60233958027268,176.1600438056039,205.32964261999552,1554.78135790129,1594.07765289316,26,45
2020-11-29,2020,0,,JAX,CLE,1303.9785688752,1495.04366005076,0.3261414588419722,0.6738585411580278,1297.20088552531,1501.82134340065,1297.52617059969,1538.60961111007,Mike Glennon,Baker Mayfield,112.94684233074,110.04213702333554,-5.74705090776596,-12.376636312521363,0.241980578001488,0.758019421998512,211.89016104631946,146.77073091926454,122.84117420229794,113.71499641292844,1292.64905242094,1543.48672928882,25,27
2020-11-29,2020,0,,CIN,NYG,1370.28371515899,1382.35105713413,0.5755922573744336,0.42440774262556635,1357.32486684834,1395.30990544478,1377.12852934197,1410.06543262477,Brandon Allen,Daniel Jones,21.03019397773034,140.54106950041916,-116.78275906814687,-2.1420171366788834,0.312072723569088,0.687927276430912,14.038908248538359,126.10094242048841,20.33106540481114,139.0970567924261,1370.67442841981,1416.51953354693,17,19
2020-11-29,2020,0,,ATL,OAK,1504.21455451701,1528.87405966342,0.5577951527632935,0.4422048472367065,1535.80643190072,1497.28218227971,1461.37720642235,1549.70029827057,Matt Ryan,Derek Carr,168.17589694022368,210.69037314631282,-10.035379873577192,11.717269984536259,0.400476116106305,0.599523883893695,72.62530138530083,-53.46450609047262,158.6208373847314,184.27488522263428,1506.42894953298,1504.64855515994,43,6
2020-11-29,2020,0,,LAR,SF,1602.86816542009,1525.99360762359,0.6935344588376435,0.30646554116235647,1582.31378756157,1546.54798548211,1591.07439342001,1541.58941559966,Jared Goff,Nick Mullens,199.5914467094859,90.00316868550975,11.765574829721787,-34.373375187063985,0.64667466215521,0.35332533784479,-15.2367733560207,133.89065136680475,178.10862470293526,94.39191695363925,1572.24610388939,1560.41770513028,20,23
2020-11-29,2020,0,,DEN,NO,1469.54764134666,1675.64117301904,0.30742196033368335,0.6925780396663166,1450.09179751675,1695.09701684895,1480.5329316787,1696.38362010706,Kendall Hinton,Taysom Hill,0.0,23.589389778305506,-96.82273331919077,-218.56859946806293,0.419015472409615,0.580984527590385,-135.69459501557353,75.3947766266904,-13.569459501557352,28.769928463143994,1453.02385732911,1723.89269445665,3,31
2020-11-29,2020,0,,TB,KC,1575.11191102722,1736.99067007097,0.3640846720987334,0.6359153279012666,1565.44311369075,1746.65946740744,1578.86393519877,1718.98007419131,Tom Brady,Patrick Mahomes,192.30422609881097,293.49900495224824,13.411806549065766,25.324828989923773,0.340407329870521,0.659592670129479,243.5279367600044,496.79279004254454,197.42659716493034,313.8283834612779,1569.89434128705,1727.94966810303,24,27
2020-11-29,2020,0,,GB,CHI,1621.92477975327,1487.4426910851,0.7592023172420767,0.24079768275792335,1634.43505157155,1474.93241926682,1590.28171277312,1491.10448846427,Aaron Rodgers,Mitchell Trubisky,248.63221871987597,137.0144364090292,28.300983252199014,7.361940453024297,0.677374348534813,0.322625651465187,366.8189144352282,95.68502598347715,260.4508882914112,132.88149536647398,1607.55157889671,1473.83462234068,41,25
2020-11-30,2020,0,,PHI,SEA,1446.73016317339,1595.55807004435,0.38164963659370515,0.6183503634062948,1432.42222886895,1609.86600434879,1454.81638992162,1586.65463840147,Carson Wentz,Russell Wilson,105.96199051343895,231.27992025605442,-25.80741266129467,11.939979666175097,0.324864286763565,0.675135713236435,8.06116881946002,172.98460987628928,96.17190834404104,225.4503892180779,1442.86366486757,1598.60736345552,17,23
2020-12-02,2020,0,,PIT,BAL,1661.73015643074,1613.33802728813,0.6576271013847999,0.34237289861520015,1673.3977827343,1601.67040098457,1673.33183249134,1607.97496307408,Ben Roethlisberger,Robert Griffin III,224.15729899489673,109.91027209865999,20.68617455949066,-114.0393496282042,0.793520190023441,0.206479809976559,241.89512891532613,104.76073833154479,225.93108198693963,109.39531872194847,1680.02007812067,1601.28671744475,19,14
2020-12-06,2020,0,,TEN,CLE,1624.03875510107,1501.82134340065,0.7460603876319021,0.2539396123680979,1592.30272683067,1533.55737167105,1594.07765289316,1543.48672928882,Ryan Tannehill,Baker Mayfield,205.3296426199956,113.71499641292834,11.505653353812736,-9.921374802099077,0.649104777519513,0.350895222480487,255.05194400962847,394.38550774378797,210.30187275895892,141.78204754601427,1567.52603812995,1570.03834405203,35,41
2020-12-06,2020,0,,MIN,JAX,1532.3268046627,1297.20088552531,0.8491133338352503,0.15088666616474966,1536.00806993271,1293.5196202553,1519.65933243164,1292.64905242094,Kirk Cousins,Mike Glennon,183.58931565580846,122.84117420229798,15.500098028051669,-0.5125324265984844,0.834298679232595,0.165701320767405,149.95848538892628,115.8445478805704,180.22623262912023,122.14151157012522,1523.73353538404,1288.57484946854,27,24
2020-12-06,2020,0,,CHI,DET,1474.93241926682,1351.43326887422,0.7474556950763696,0.25254430492363045,1448.61810004332,1377.74758809772,1473.83462234068,1350.52602592983,Mitchell Trubisky,Matthew Stafford,132.8814953664739,145.61631583855322,4.927372909095461,-11.077709296600982,0.730541464980379,0.269458535019621,181.60598691101427,300.9242597290918,137.75394452092797,161.1471102276071,1448.30913825326,1376.05151001725,30,34
2020-12-06,2020,0,,NYJ,OAK,1280.39138715294,1497.28218227971,0.2943491955121462,0.7056508044878538,1272.75735765017,1504.91621178248,1286.78980711861,1504.64855515994,Sam Darnold,Derek Carr,74.59697149936945,184.27488522263437,-19.002102406188325,-2.0763374765297873,0.247829991563195,0.752170008436805,130.01032733166093,263.90451130342825,80.13830708259859,192.23784783071375,1280.47232788131,1510.96603439724,28,31
2020-12-06,2020,0,,MIA,CIN,1540.32196317177,1357.32486684834,0.8065249145951466,0.19347508540485336,1549.24156812413,1348.40526189598,1551.8165732558,1370.67442841981,Tua Tagovailoa,Brandon Allen,106.76081531980822,20.331065404811138,-57.733047122083384,-111.29318540119912,0.82674173966124,0.17325826033876,233.94218631508886,-35.59148747453772,119.47895241933628,14.738810116876255,1559.72827693811,1362.7627247375,19,7
2020-12-06,2020,0,,ATL,NO,1535.80643190072,1695.09701684895,0.3675410653271091,0.6324589346728908,1523.17682504454,1707.72662370513,1506.42894953298,1723.89269445665,Matt Ryan,Taysom Hill,158.62083738473146,28.769928463144012,-14.311140657644494,-205.04990015224055,0.511474795735065,0.488525204264935,123.5064257508302,295.0150102296761,155.10939622134134,55.39443663979721,1488.03347054515,1742.28817344448,16,21
2020-12-06,2020,0,,HOU,IND,1492.18191492477,1550.52744548069,0.5095753804866509,0.49042461951334915,1472.28998855271,1570.41937185275,1468.37316810999,1554.78135790129,Deshaun Watson,Philip Rivers,254.78646603623363,176.1600438056039,28.038501620294177,11.858928391316162,0.451594627952214,0.548405372047786,187.65851361688397,203.21477652477307,248.0736707942987,178.86551707752082,1451.06339492217,1572.09113108911,20,26
2020-12-06,2020,0,,SEA,NYG,1609.86600434879,1395.30990544478,0.8333078251810354,0.1666921748189646,1575.65733198366,1429.51857780991,1598.60736345552,1416.51953354693,Russell Wilson,Colt McCoy,225.45038921807787,121.94948748714665,8.428215163878198,-19.90449193912078,0.810990873184509,0.189009126815491,110.6532538517363,-36.59559860588808,213.9706756814437,106.09497887784316,1565.76870842517,1449.35818857728,12,17
2020-12-06,2020,0,,ARI,LAR,1500.5636066599,1582.31378756157,0.4759132106434861,0.524086789356514,1477.91226682583,1604.96512739564,1480.42847000282,1572.24610388939,Kyler Murray,Jared Goff,253.0505067770869,178.1086247029353,34.588171012332616,0.4358850849602589,0.466572329624719,0.533427670375281,140.03240981408942,363.7846989238836,241.74869708078717,196.6762321250301,1458.28676297271,1594.3878109195,28,38
2020-12-06,2020,0,,LAC,NE,1409.62388676767,1520.59332450679,0.43422801799222455,0.5657719820077755,1377.05436607889,1553.16284519557,1411.43363512887,1515.55545041447,Justin Herbert,Cam Newton,196.5901656362457,141.5880447125991,23.103721871898358,-6.739112032898526,0.455634198548096,0.544365801451904,-96.62885908855245,199.52061785769396,167.26826316376588,147.38130202710855,1377.0278345422,1549.96125100114,0,45
2020-12-06,2020,0,,GB,PHI,1634.43505157155,1432.42222886895,0.8230353799641438,0.17696462003585622,1642.98226263608,1423.87501780442,1607.55157889671,1442.86366486757,Aaron Rodgers,Carson Wentz,260.45088829141105,96.17190834404109,32.7952688753567,-29.412083112928897,0.819496237332635,0.180503762667365,282.11167039809993,-59.28293430007178,262.61696650207995,80.62642407962979,1616.2845539586,1434.13068980568,30,16
2020-12-06,2020,0,,KC,DEN,1746.65946740744,1450.09179751675,0.88907731932453,0.11092268067546995,1750.36704273151,1446.38422219268,1727.94966810303,1453.02385732911,Patrick Mahomes,Drew Lock,313.82838346127795,90.86310514304694,34.22327679494262,5.666238240594367,0.875442106974207,0.124557893025793,276.8513288109809,64.33783093762925,310.1306779962482,88.21057772250518,1732.15042998445,1448.82309544769,22,16
2020-12-07,2020,0,,PIT,WSH,1673.3977827343,1409.9739634173,0.8688193085373987,0.13118069146260125,1633.65141792392,1449.72032822768,1680.02007812067,1408.58896441105,Ben Roethlisberger,Alex Smith,225.93108198693977,126.16750864179296,20.538757327537695,29.03989017332601,0.846587669025272,0.153412330974728,235.6323944714959,275.3789924305926,226.90121323539537,141.08865702067294,1641.93579550796,1446.67324702376,17,23
2020-12-07,2020,0,,SF,BUF,1546.54798548211,1577.58785684161,0.5487175017335773,0.45128249826642275,1519.82005987008,1604.31578245364,1560.41770513028,1583.19506428494,Nick Mullens,Josh Allen,94.39191695363924,207.5039277439524,-30.460332293646093,16.143438247485776,0.46097677760179,0.53902322239821,260.45932160673414,468.6113563274055,110.99865741894872,233.61467060229768,1538.5799344922,1605.03283492302,24,34
2020-12-08,2020,0,,BAL,DAL,1601.67040098457,1362.03970455093,0.8524056946558618,0.1475943053441382,1609.16472186214,1354.54538367336,1601.28671744475,1430.91673664705,Lamar Jackson,Andy Dalton,216.16380301010517,95.87778567090801,-1.826374546992919,-92.83346126462628,0.848494225079759,0.151505774920241,292.26921582184224,227.78666348518476,223.7743442912789,109.06867345233569,1608.99609446935,1423.20735962245,34,17
2020-12-10,2020,0,,LAR,NE,1604.96512739564,1553.16284519557,0.6620331876097927,0.3379668123902073,,,,,Jared Goff,Cam Newton,196.67623212503014,147.3813020271085,9.697894541759505,-3.5055277739987982,0.6413889937781948,0.3586110062218052,,,"","",,,,
2020-12-13,2020,0,,JAX,TEN,1293.5196202553,1592.30272683067,0.2065638113826371,0.7934361886173629,,,,,Mike Glennon,Ryan Tannehill,122.14151157012518,210.30187275895906,-0.8367371213549695,13.416485755603908,0.18447572183829763,0.8155242781617024,,,"","",,,,
2020-12-13,2020,0,,CIN,DAL,1348.40526189598,1354.54538367336,0.5839049991833258,0.41609500081667417,,,,,"",Andy Dalton,31.142399473187172,109.06867345233586,-92.12106441879574,-81.59634431068096,0.4502940597922741,0.5497059402077259,,,"","",,,,
2020-12-13,2020,0,,TB,MIN,1565.44311369075,1536.00806993271,0.6326522160771372,0.3673477839228628,,,,,Tom Brady,Kirk Cousins,197.4265971649303,180.22623262912023,15.302401754672026,13.04355161330495,0.6554114199262902,0.34458858007370985,,,"","",,,,
2020-12-13,2020,0,,NYG,ARI,1429.51857780991,1477.91226682583,0.5238802202819774,0.47611977971802255,,,,,"",Kyler Murray,120.28587238111355,241.74869708078725,-12.645628143546096,27.207857613566205,0.48964387037860513,0.5103561296213949,,,"","",,,,
2020-12-13,2020,0,,MIA,KC,1549.24156812413,1750.36704273151,0.31354425985361983,0.6864557401463802,,,,,Tua Tagovailoa,Patrick Mahomes,119.47895241933617,310.1306779962481,-48.48732621621538,30.66326022268047,0.2261851571221952,0.7738148428778048,,,"","",,,,
2020-12-13,2020,0,,CAR,DEN,1410.577363901,1446.38422219268,0.5419137156219057,0.4580862843780943,,,,,Teddy Bridgewater,Drew Lock,185.36761964500394,88.21057772250504,22.49208896188552,4.056662618293553,0.5983559608845233,0.40164403911547675,,,"","",,,,
2020-12-13,2020,0,,CHI,HOU,1448.61810004332,1472.28998855271,0.5591969928823158,0.44080300711768416,,,,,"",Deshaun Watson,132.31654882413528,248.07367079429878,1.6798331440750303,23.280178918312142,0.5178918196072337,0.48210818039276626,,,"","",,,,
2020-12-13,2020,0,,SEA,NYJ,1575.65733198366,1272.75735765017,0.8926214835625742,0.1073785164374258,,,,,Russell Wilson,Sam Darnold,213.97067568144374,80.13830708259849,2.2669476373671587,-15.281329494264561,0.8795840898713971,0.12041591012860287,,,"","",,,,
2020-12-13,2020,0,,OAK,IND,1504.91621178248,1570.41937185275,0.49927589495797986,0.5007241050420201,,,,,Derek Carr,Philip Rivers,192.23784783071383,178.86551707752088,2.0089607013365827,12.618718607709042,0.4535798933551113,0.5464201066448887,,,"","",,,,
2020-12-13,2020,0,,LAC,ATL,1377.05436607889,1523.17682504454,0.3853316618924195,0.6146683381075805,,,,,Justin Herbert,Matt Ryan,167.26826316376605,155.1093962213413,7.287584542063651,-15.35130420645724,0.4319165734869898,0.5680834265130101,,,"","",,,,
2020-12-13,2020,0,,PHI,NO,1423.87501780442,1707.72662370513,0.2210064097253743,0.7789935902746257,,,,,Jalen Hurts,"",89.32373999999999,128.35307184218144,-27.016905169118047,-108.52651585391779,0.25167865342456336,0.7483213465754366,,,"","",,,,
2020-12-13,2020,0,,SF,WSH,1519.82005987008,1449.72032822768,0.6851834599150545,0.31481654008494553,,,,,"",Alex Smith,111.19867106638587,141.08865702067288,-20.43393179887189,35.04846985409978,0.6120557452097234,0.3879442547902766,,,"","",,,,
2020-12-13,2020,0,,DET,GB,1377.74758809772,1642.98226263608,0.24000657890265686,0.7599934210973431,,,,,Matthew Stafford,Aaron Rodgers,161.14711022760702,262.61696650207983,-2.7584266372439528,32.23854453692335,0.19978434116871602,0.800215658831284,,,"","",,,,
2020-12-13,2020,0,,BUF,PIT,1604.31578245364,1633.65141792392,0.551145630479548,0.448854369520452,,,,,Josh Allen,Ben Roethlisberger,233.61467060229768,226.90121323539546,28.391637764284066,19.99688508538875,0.5074597686151077,0.49254023138489234,,,"","",,,,
2020-12-14,2020,0,,CLE,BAL,1533.55737167105,1609.16472186214,0.48473953714442075,0.5152604628555792,,,,,Baker Mayfield,Lamar Jackson,141.78204754601416,223.77434429127885,4.608219504548882,2.070214820943708,0.49685510661092164,0.5031448933890783,,,"","",,,,
2020-12-17,2020,0,,OAK,LAC,1504.91621178248,1377.05436607889,0.7521667736567147,0.2478332263432853,,,,,Derek Carr,Justin Herbert,192.23784783071383,167.26826316376605,2.0089607013365827,7.287584542063651,0.7182763930534536,0.2817236069465464,,,"","",,,,
2020-12-19,2020,0,,DEN,BUF,1446.38422219268,1604.31578245364,0.36936147568865557,0.6306385243113444,,,,,Drew Lock,Josh Allen,88.21057772250504,233.61467060229768,4.056662618293553,28.391637764284066,0.3062543777754474,0.6937456222245526,,,"","",,,,
2020-12-19,2020,0,,GB,CAR,1642.98226263608,1410.577363901,0.8470955414929726,0.15290445850702739,,,,,Aaron Rodgers,Teddy Bridgewater,262.61696650207983,185.36761964500394,32.23854453692335,22.49208896188552,0.7858171550237095,0.21418284497629048,,,"","",,,,
2020-12-20,2020,0,,WSH,SEA,1449.72032822768,1575.65733198366,0.41319290010480547,0.5868070998951945,,,,,Alex Smith,Russell Wilson,141.08865702067288,213.97067568144374,35.04846985409978,2.2669476373671587,0.43703645916407097,0.562963540835929,,,"","",,,,
2020-12-20,2020,0,,MIN,CHI,1536.00806993271,1448.61810004332,0.7062472958370244,0.2937527041629756,,,,,Kirk Cousins,"",180.22623262912023,126.16370632513329,13.04355161330495,-4.4730093549269565,0.6754996227948188,0.3245003772051812,,,"","",,,,
2020-12-20,2020,0,,MIA,NE,1549.24156812413,1553.16284519557,0.5870048887141108,0.41299511128588917,,,,,Tua Tagovailoa,Cam Newton,119.47895241933617,147.3813020271085,-48.48732621621538,-3.5055277739987982,0.5038761406117795,0.49612385938822046,,,"","",,,,
2020-12-20,2020,0,,ATL,TB,1523.17682504454,1565.44311369075,0.5326698289712348,0.4673301710287652,,,,,Matt Ryan,Tom Brady,155.1093962213413,197.4265971649303,-15.35130420645724,15.302401754672026,0.3040505860015453,0.6959494139984548,,,"","",,,,
2020-12-20,2020,0,,TEN,DET,1592.30272683067,1377.74758809772,0.8333070574205041,0.16669294257949585,,,,,Ryan Tannehill,Matthew Stafford,210.30187275895906,161.14711022760702,13.416485755603908,-2.7584266372439528,0.8015706598204171,0.1984293401795829,,,"","",,,,
2020-12-20,2020,0,,IND,HOU,1570.41937185275,1472.28998855271,0.7189073613045792,0.2810926386954208,,,,,Philip Rivers,Deshaun Watson,178.86551707752088,248.07367079429878,12.618718607709042,23.280178918312142,0.6995924631413463,0.30040753685865373,,,"","",,,,
2020-12-20,2020,0,,DAL,SF,1354.54538367336,1519.82005987008,0.3595708096904399,0.64042919030956,,,,,Andy Dalton,"",109.06867345233586,111.69870518497943,-81.59634431068096,-19.93389768027833,0.31101008880422776,0.6889899111957722,,,"","",,,,
2020-12-20,2020,0,,BAL,JAX,1609.16472186214,1293.5196202553,0.8994537072897474,0.10054629271025262,,,,,Lamar Jackson,Mike Glennon,223.77434429127885,122.14151157012518,2.070214820943708,-0.8367371213549695,0.8876421491684241,0.1123578508315759,,,"","",,,,
2020-12-20,2020,0,,LAR,NYJ,1604.96512739564,1272.75735765017,0.9077537679114789,0.09224623208852112,,,,,Jared Goff,Sam Darnold,196.67623212503014,80.13830708259849,9.697894541759505,-15.281329494264561,0.9000028178960894,0.09999718210391062,,,"","",,,,
2020-12-20,2020,0,,ARI,PHI,1477.91226682583,1423.87501780442,0.6649057549062681,0.33509424509373187,,,,,Kyler Murray,Jalen Hurts,241.74869708078725,89.32373999999999,27.207857613566205,-27.016905169118047,0.6657969678694301,0.3342030321305699,,,"","",,,,
2020-12-20,2020,0,,NO,KC,1707.72662370513,1750.36704273151,0.5321336732045358,0.46786632679546425,,,,,"",Patrick Mahomes,232.03113239293776,310.1306779962481,-4.848455303161465,30.66326022268047,0.5148690317324829,0.4851309682675171,,,"","",,,,
2020-12-20,2020,0,,NYG,CLE,1429.51857780991,1533.55737167105,0.44405390831009484,0.5559460916899052,,,,,Daniel Jones,Baker Mayfield,139.09705679242592,141.78204754601416,6.165556267766276,4.608219504548882,0.38070454863385295,0.619295451366147,,,"","",,,,
2020-12-21,2020,0,,CIN,PIT,1348.40526189598,1633.65141792392,0.2196274402117194,0.7803725597882806,,,,,Brandon Allen,Ben Roethlisberger,14.738810116876262,226.90121323539546,-108.52465377510666,19.99688508538875,0.10423764134141432,0.8957623586585857,,,"","",,,,
2020-12-25,2020,0,,NO,MIN,1707.72662370513,1536.00806993271,0.7961919260499466,0.2038080739500534,,,,,Drew Brees,Kirk Cousins,247.39084506712388,180.22623262912023,10.511257371024634,13.04355161330495,0.8111874596887397,0.18881254031126027,,,"","",,,,
2020-12-26,2020,0,,DET,TB,1377.74758809772,1565.44311369075,0.3304186409366386,0.6695813590633615,,,,,Matthew Stafford,Tom Brady,161.14711022760702,197.4265971649303,-2.7584266372439528,15.302401754672026,0.1999047183844246,0.8000952816155754,,,"","",,,,
2020-12-26,2020,0,,ARI,SF,1477.91226682583,1519.82005987008,0.5331835082120664,0.4668164917879336,,,,,Kyler Murray,"",241.74869708078725,111.99872565613545,27.207857613566205,-19.63387720912232,0.503023647525275,0.49697635247472505,,,"","",,,,
2020-12-26,2020,0,,OAK,MIA,1504.91621178248,1549.24156812413,0.5297181347798537,0.47028186522014626,,,,,Derek Carr,Tua Tagovailoa,192.23784783071383,119.47895241933617,2.0089607013365827,-48.48732621621538,0.5621719076107438,0.43782809238925624,,,"","",,,,
2020-12-27,2020,0,,BAL,NYG,1609.16472186214,1429.51857780991,0.8034971038511831,0.19650289614881689,,,,,Lamar Jackson,Daniel Jones,223.77434429127885,139.09705679242592,2.070214820943708,6.165556267766276,0.7482476978933845,0.2517523021066155,,,"","",,,,
2020-12-27,2020,0,,NYJ,CLE,1272.75735765017,1533.55737167105,0.2446938209276103,0.7553061790723897,,,,,Sam Darnold,Baker Mayfield,80.13830708259849,141.78204754601416,-15.281329494264561,4.608219504548882,0.17048382096560746,0.8295161790343926,,,"","",,,,
2020-12-27,2020,0,,PIT,IND,1633.65141792392,1570.41937185275,0.6765940231346221,0.32340597686537786,,,,,Ben Roethlisberger,Philip Rivers,226.90121323539546,178.86551707752088,19.99688508538875,12.618718607709042,0.6552192581839921,0.34478074181600793,,,"","",,,,
2020-12-27,2020,0,,JAX,CHI,1293.5196202553,1448.61810004332,0.373168304229275,0.626831695770725,,,,,Mike Glennon,Nick Foles,122.14151157012518,123.44500847673686,-0.8367371213549695,-7.191707203323396,0.33781443807768097,0.662185561922319,,,"","",,,,
2020-12-27,2020,0,,WSH,CAR,1449.72032822768,1410.577363901,0.6455407829671669,0.3544592170328331,,,,,Alex Smith,Teddy Bridgewater,141.08865702067288,185.36761964500394,35.04846985409978,22.49208896188552,0.5818254345362763,0.41817456546372367,,,"","",,,,
2020-12-27,2020,0,,KC,ATL,1750.36704273151,1523.17682504454,0.8431668153277263,0.1568331846722737,,,,,Patrick Mahomes,Matt Ryan,310.1306779962481,155.1093962213413,30.66326022268047,-15.35130420645724,0.8670945234257778,0.13290547657422225,,,"","",,,,
2020-12-27,2020,0,,HOU,CIN,1472.28998855271,1348.40526189598,0.7478744407930396,0.25212555920696045,,,,,Deshaun Watson,Brandon Allen,248.07367079429878,14.738810116876262,23.280178918312142,-108.52465377510666,0.8142234257655481,0.18577657423445193,,,"","",,,,
2020-12-27,2020,0,,SEA,LAR,1575.65733198366,1604.96512739564,0.5511852759981375,0.4488147240018625,,,,,Russell Wilson,Jared Goff,213.97067568144374,196.67623212503014,2.2669476373671587,9.697894541759505,0.5011722990332532,0.4988277009667468,,,"","",,,,
2020-12-27,2020,0,,LAC,DEN,1377.05436607889,1446.38422219268,0.49376915872749166,0.5062308412725083,,,,,Justin Herbert,Drew Lock,167.26826316376605,88.21057772250504,7.287584542063651,4.056662618293553,0.453773519081945,0.546226480918055,,,"","",,,,
2020-12-27,2020,0,,DAL,PHI,1354.54538367336,1423.87501780442,0.49376947813671235,0.5062305218632877,,,,,Andy Dalton,Jalen Hurts,109.06867345233586,89.32373999999999,-81.59634431068096,-27.016905169118047,0.4608682132694569,0.5391317867305432,,,"","",,,,
2020-12-27,2020,0,,GB,TEN,1642.98226263608,1592.30272683067,0.6605856004786755,0.33941439952132446,,,,,Aaron Rodgers,Ryan Tannehill,262.61696650207983,210.30187275895906,32.23854453692335,13.416485755603908,0.6439053184390153,0.35609468156098467,,,"","",,,,
2020-12-28,2020,0,,NE,BUF,1553.16284519557,1604.31578245364,0.5199169807300195,0.48008301926998054,,,,,Cam Newton,Josh Allen,147.3813020271085,233.61467060229768,-3.5055277739987982,28.391637764284066,0.42512671602034674,0.5748732839796533,,,"","",,,,
2021-01-03,2020,0,,HOU,TEN,1472.28998855271,1592.30272683067,0.4214853677271139,0.578514632272886,,,,,Deshaun Watson,Ryan Tannehill,248.07367079429878,210.30187275895906,23.280178918312142,13.416485755603908,0.39934595495364056,0.6006540450463594,,,"","",,,,
2021-01-03,2020,0,,PHI,WSH,1423.87501780442,1449.72032822768,0.5561107847243666,0.4438892152756334,,,,,Jalen Hurts,Alex Smith,89.32373999999999,141.08865702067288,-27.016905169118047,35.04846985409978,0.44105173533450703,0.558948264665493,,,"","",,,,
2021-01-03,2020,0,,IND,JAX,1570.41937185275,1293.5196202553,0.8774104567541996,0.1225895432458004,,,,,Philip Rivers,Mike Glennon,178.86551707752088,122.14151157012518,12.618718607709042,-0.8367371213549695,0.8716481326198091,0.1283518673801909,,,"","",,,,
2021-01-03,2020,0,,TB,ATL,1565.44311369075,1523.17682504454,0.6496439209980466,0.3503560790019534,,,,,Tom Brady,Matt Ryan,197.4265971649303,155.1093962213413,15.302401754672026,-15.35130420645724,0.6999827224884224,0.3000172775115776,,,"","",,,,
2021-01-03,2020,0,,CLE,PIT,1533.55737167105,1633.65141792392,0.44966667120164405,0.550333328798356,,,,,Baker Mayfield,Ben Roethlisberger,141.78204754601416,226.90121323539546,4.608219504548882,19.99688508538875,0.42314875425945636,0.5768512457405437,,,"","",,,,
2021-01-03,2020,0,,NE,NYJ,1553.16284519557,1272.75735765017,0.879564633255807,0.12043536674419297,,,,,Cam Newton,Sam Darnold,147.3813020271085,80.13830708259849,-3.5055277739987982,-15.281329494264561,0.8597216345770752,0.14027836542292482,,,"","",,,,
2021-01-03,2020,0,,BUF,MIA,1604.31578245364,1549.24156812413,0.6662344288061104,0.3337655711938896,,,,,Josh Allen,Tua Tagovailoa,233.61467060229768,119.47895241933617,28.391637764284066,-48.48732621621538,0.715074240528533,0.28492575947146703,,,"","",,,,
2021-01-03,2020,0,,NYG,DAL,1429.51857780991,1354.54538367336,0.6912032179051288,0.30879678209487116,,,,,Daniel Jones,Andy Dalton,139.09705679242592,109.06867345233586,6.165556267766276,-81.59634431068096,0.7063286975883933,0.29367130241160666,,,"","",,,,
2021-01-03,2020,0,,KC,LAC,1750.36704273151,1377.05436607889,0.9257475354830489,0.07425246451695111,,,,,Patrick Mahomes,Justin Herbert,310.1306779962481,167.26826316376605,30.66326022268047,7.287584542063651,0.9168481443392223,0.08315185566077765,,,"","",,,,
2021-01-03,2020,0,,CAR,NO,1410.577363901,1707.72662370513,0.20810952945912017,0.7918904705408798,,,,,Teddy Bridgewater,Drew Brees,185.36761964500394,247.39084506712388,22.49208896188552,10.511257371024634,0.18420849985295087,0.8157915001470492,,,"","",,,,
2021-01-03,2020,0,,DET,MIN,1377.74758809772,1536.00806993271,0.368920542681543,0.631079457318457,,,,,Matthew Stafford,Kirk Cousins,161.14711022760702,180.22623262912023,-2.7584266372439528,13.04355161330495,0.32330073848615837,0.6766992615138416,,,"","",,,,
2021-01-03,2020,0,,CIN,BAL,1348.40526189598,1609.16472186214,0.24473696905014972,0.7552630309498503,,,,,Brandon Allen,Lamar Jackson,14.738810116876262,223.77434429127885,-108.52465377510666,2.070214820943708,0.13536182985285344,0.8646381701471466,,,"","",,,,
2021-01-03,2020,0,,CHI,GB,1448.61810004332,1642.98226263608,0.32198160966593475,0.6780183903340653,,,,,Nick Foles,Aaron Rodgers,123.44500847673686,262.61696650207983,-7.191707203323396,32.23854453692335,0.26899552313669534,0.7310044768633046,,,"","",,,,
2021-01-03,2020,0,,DEN,OAK,1446.38422219268,1504.91621178248,0.5093071400483108,0.4906928599516892,,,,,Drew Lock,Derek Carr,88.21057772250504,192.23784783071383,4.056662618293553,2.0089607013365827,0.46457169517065566,0.5354283048293443,,,"","",,,,
2021-01-03,2020,0,,LAR,ARI,1604.96512739564,1477.91226682583,0.7512976542935934,0.2487023457064066,,,,,Jared Goff,Kyler Murray,196.67623212503014,241.74869708078725,9.697894541759505,27.207857613566205,0.7069679112637394,0.29303208873626063,,,"","",,,,
2021-01-03,2020,0,,SF,SEA,1519.82005987008,1575.65733198366,0.5131831692180842,0.48681683078191584,,,,,"",Russell Wilson,112.49875977472867,213.97067568144374,-19.13384309052909,2.2669476373671587,0.4815079521745894,0.5184920478254106,,,"","",,,,
2021-01-16,2020,0,w,,,,,,,,,,,"","",,,0.0,0.0,,,,,"","",,,,
2021-01-16,2020,0,w,,,,,,,,,,,"","",,,0.0,0.0,,,,,"","",,,,
2021-01-16,2020,0,w,,,,,,,,,,,"","",,,0.0,0.0,,,,,"","",,,,
2021-01-17,2020,0,w,,,,,,,,,,,"","",,,0.0,0.0,,,,,"","",,,,
2021-01-17,2020,0,w,,,,,,,,,,,"","",,,0.0,0.0,,,,,"","",,,,
2021-01-17,2020,0,w,,,,,,,,,,,"","",,,0.0,0.0,,,,,"","",,,,
2021-01-23,2020,0,d,,,,,,,,,,,"","",,,0.0,0.0,,,,,"","",,,,
2021-01-23,2020,0,d,,,,,,,,,,,"","",,,0.0,0.0,,,,,"","",,,,
2021-01-24,2020,0,d,,,,,,,,,,,"","",,,0.0,0.0,,,,,"","",,,,
2021-01-24,2020,0,d,,,,,,,,,,,"","",,,0.0,0.0,,,,,"","",,,,
2021-01-31,2020,0,c,,,,,,,,,,,"","",,,0.0,0.0,,,,,"","",,,,
2021-01-31,2020,0,c,,,,,,,,,,,"","",,,0.0,0.0,,,,,"","",,,,
2021-02-07,2020,1,s,,,,,,,,,,,"","",,,0.0,0.0,,,,,"","",,,,
